1000,2.3010299956639813
11,2.3010299956639813
3,2.3010299956639813
a,1.8239087409443189
aa,2.3010299956639813
aaaaa,2.0
aaaaaaa,2.3010299956639813
abadi,1.6989700043360187
abaikan,2.0
abduh,2.3010299956639813
abu,2.3010299956639813
abuabu,2.3010299956639813
acuh,2.3010299956639813
acuhkan,2.3010299956639813
ada,0.37675070960209955
adakah,1.5228787452803376
adaku,2.3010299956639813
adalah,1.3467874862246563
adanya,1.3979400086720377
adiwarnamu,2.3010299956639813
adu,2.3010299956639813
aduh,2.3010299956639813
again,2.3010299956639813
agar,1.1549019599857433
ah,1.8239087409443189
ahli,2.3010299956639813
aint,2.3010299956639813
air,1.0705810742857074
airmata,2.3010299956639813
aja,1.8239087409443189
ajaibnya,2.3010299956639813
ajak,2.3010299956639813
ajal,2.3010299956639813
ajarkanmu,2.3010299956639813
ak,2.3010299956639813
akan,0.5606673061697374
akankah,1.5228787452803376
akhir,1.6989700043360187
akhiri,2.0
akhirmu,2.3010299956639813
akhirnya,1.4559319556497243
aksara,2.3010299956639813
aku,0.1611509092627447
akudan,2.3010299956639813
akui,2.3010299956639813
akulah,2.3010299956639813
akupun,2.0
akuu,2.3010299956639813
alam,1.6989700043360187
alami,2.3010299956639813
alamku,2.3010299956639813
alamnya,2.3010299956639813
alasan,1.8239087409443189
album,2.0
aliran,2.0
all,1.8239087409443189
allah,2.3010299956639813
alunan,2.3010299956639813
always,2.3010299956639813
ambang,2.3010299956639813
ambil,2.3010299956639813
ambisi,2.3010299956639813
ampuni,2.3010299956639813
ampuniku,2.3010299956639813
amuk,2.3010299956639813
anak,2.0
ananta,2.3010299956639813
and,1.4559319556497243
andai,1.4559319556497243
andaikan,2.3010299956639813
angan,2.3010299956639813
anganangan,2.3010299956639813
anganku,2.3010299956639813
anggap,1.6989700043360187
anggonku,2.3010299956639813
anggun,2.3010299956639813
angin,1.3979400086720377
angkasa,1.8239087409443189
angkat,2.3010299956639813
angkatan,2.3010299956639813
antara,1.4559319556497243
antologi,2.3010299956639813
anugerah,2.0
apa,0.721246399047171
apaapa,2.0
apabila,1.8239087409443189
apakah,1.5228787452803376
apalagi,1.6989700043360187
apalah,2.3010299956639813
apane,2.3010299956639813
apapun,1.8239087409443189
ape,2.3010299956639813
api,1.8239087409443189
apimu,2.3010299956639813
arah,1.6989700043360187
aral,2.3010299956639813
aromamu,2.3010299956639813
arti,1.3979400086720377
artikel,2.3010299956639813
arungi,1.8239087409443189
as,2.3010299956639813
asa,1.6989700043360187
asal,2.0
asalkan,2.0
asap,2.3010299956639813
asmara,1.3979400086720377
atap,2.3010299956639813
atas,1.5228787452803376
atasku,2.3010299956639813
atau,1.4559319556497243
ataukah,1.6989700043360187
ataupun,2.3010299956639813
ati,2.3010299956639813
atiku,2.3010299956639813
aura,2.3010299956639813
awal,2.3010299956639813
awalnya,2.3010299956639813
awan,1.8239087409443189
awas,2.3010299956639813
ay,2.3010299956639813
ayahmu,2.3010299956639813
ayo,1.8239087409443189
ayoâ€¦,2.3010299956639813
baby,1.8239087409443189
back,2.0
bad,2.3010299956639813
badai,1.8239087409443189
badanku,2.3010299956639813
bagai,1.2596373105057561
bagaikan,2.0
bagaimana,1.3979400086720377
bagaimanakah,2.3010299956639813
bagi,1.6989700043360187
bagiku,1.1870866433571445
bagimu,2.0
bahagia,1.0222763947111522
bahagiakanmu,2.3010299956639813
bahagiaku,2.3010299956639813
bahagiamu,2.3010299956639813
bahasa,2.0
bahkan,2.0
bahtera,2.3010299956639813
bahuku,2.3010299956639813
bahwa,1.3467874862246563
bahwaku,2.3010299956639813
baik,1.3010299956639813
baikku,2.3010299956639813
baikmu,2.3010299956639813
baiknya,2.3010299956639813
baju,2.3010299956639813
bajumu,2.3010299956639813
bak,2.3010299956639813
balas,2.3010299956639813
bali,2.3010299956639813
balik,2.0
balikan,2.3010299956639813
baline,2.3010299956639813
balon,2.3010299956639813
banding,2.3010299956639813
bang,2.3010299956639813
bangga,2.3010299956639813
banggakan,2.3010299956639813
bangkitkan,2.3010299956639813
bangku,2.3010299956639813
bangsaku,2.3010299956639813
bangsamu,2.3010299956639813
bangun,2.0
bantuin,2.3010299956639813
bantulah,2.3010299956639813
banyak,1.2218487496163564
banyaknya,2.3010299956639813
banyu,2.3010299956639813
baper,2.3010299956639813
bara,2.3010299956639813
barat,2.3010299956639813
barengan,2.3010299956639813
baru,1.3010299956639813
basah,2.3010299956639813
basahi,2.3010299956639813
basuh,2.3010299956639813
batas,1.6989700043360187
batin,2.3010299956639813
batinmu,2.3010299956639813
batu,2.0
bawa,1.5228787452803376
bawah,1.8239087409443189
bawaku,2.3010299956639813
bawalah,2.0
bayang,1.6989700043360187
bayangan,1.8239087409443189
bayanganmu,2.3010299956639813
bayangbayangmu,1.8239087409443189
bayangkan,2.3010299956639813
bayangmu,1.8239087409443189
be,1.8239087409443189
beatin,2.3010299956639813
beauty,2.3010299956639813
beban,1.8239087409443189
bebanku,2.3010299956639813
bebas,2.0
beberapa,2.0
becerita,2.3010299956639813
begini,1.3467874862246563
begitu,1.0969100130080565
begituu,2.3010299956639813
behind,2.3010299956639813
bekerja,2.3010299956639813
beku,2.3010299956639813
belah,2.3010299956639813
belahan,2.0
belai,1.8239087409443189
belajar,2.3010299956639813
belakang,2.3010299956639813
belakangku,2.3010299956639813
belikatmu,2.3010299956639813
belong,2.3010299956639813
belum,1.5228787452803376
benahi,2.3010299956639813
benakku,1.8239087409443189
benar,1.5228787452803376
benarbenar,2.3010299956639813
bengi,2.3010299956639813
bening,2.3010299956639813
bentuk,2.3010299956639813
bentuknya,2.3010299956639813
berada,1.6989700043360187
beradu,2.3010299956639813
berakhir,1.6989700043360187
berangan,2.3010299956639813
berani,1.8239087409443189
beranikan,2.0
beranjak,2.0
berapa,2.0
berarti,1.4559319556497243
berat,1.6989700043360187
berbagi,1.5228787452803376
berbahaya,2.0
berbalasan,2.3010299956639813
berbalutkan,2.3010299956639813
berbatas,2.3010299956639813
berbeda,1.3467874862246563
berbekas,2.3010299956639813
berbicara,2.3010299956639813
berbisik,2.3010299956639813
berbohong,2.3010299956639813
berbuat,2.3010299956639813
berbungabunga,2.3010299956639813
bercanda,2.0
bercerita,1.8239087409443189
bercinta,2.3010299956639813
bercumbu,2.3010299956639813
berdansa,2.3010299956639813
berdaya,1.6989700043360187
berdebar,2.0
berdebardebar,2.3010299956639813
berdebu,2.3010299956639813
berdendam,2.3010299956639813
berdiri,1.3979400086720377
berdoa,2.3010299956639813
berdua,1.0
berduaan,2.3010299956639813
berduan,2.3010299956639813
berelegi,2.3010299956639813
berenang,2.3010299956639813
berevolusi,2.3010299956639813
berfikir,1.8239087409443189
bergandeng,2.3010299956639813
berganti,1.4559319556497243
bergegas,2.3010299956639813
bergegaslah,2.3010299956639813
bergelora,2.0
bergema,2.3010299956639813
bergeming,2.3010299956639813
bergengsi,2.3010299956639813
bergerak,2.0
bergetar,2.0
bergulir,2.3010299956639813
berhak,2.3010299956639813
berharap,1.5228787452803376
berhasil,2.0
berhenti,1.2596373105057561
berhiasakan,2.3010299956639813
beri,1.1549019599857433
beribu,2.3010299956639813
berikan,1.6989700043360187
berikanku,2.0
berikanlah,2.3010299956639813
berilah,2.3010299956639813
beritahukan,2.3010299956639813
berjalan,1.4559319556497243
berjalannya,2.3010299956639813
berjanji,1.8239087409443189
berjarum,2.3010299956639813
berjatuhan,2.3010299956639813
berjiwa,2.3010299956639813
berjuang,1.8239087409443189
berjumpa,1.6020599913279623
berjuta,1.6989700043360187
berkali,2.3010299956639813
berkalikali,2.0
berkata,1.3010299956639813
berkawan,2.3010299956639813
berkelana,2.3010299956639813
berkenal,2.3010299956639813
berkhayal,2.3010299956639813
berkumandang,2.3010299956639813
berkumpul,2.0
berkunjung,2.3010299956639813
berkutik,2.3010299956639813
berlabuh,2.3010299956639813
berlabuhmu,2.3010299956639813
berlalu,1.1549019599857433
berlanjut,2.3010299956639813
berlari,1.3010299956639813
berlarilari,2.3010299956639813
berlindung,2.3010299956639813
bermadu,2.3010299956639813
bermandikan,2.3010299956639813
bermanja,2.3010299956639813
bermesraan,1.8239087409443189
bermimpi,2.3010299956639813
bernafas,2.3010299956639813
bernapas,2.3010299956639813
bernyanyi,1.5228787452803376
berpaling,1.6989700043360187
berpapasan,2.3010299956639813
berpelukan,2.3010299956639813
berpendapat,2.3010299956639813
berperang,2.3010299956639813
berpesta,2.3010299956639813
berpihak,2.3010299956639813
berpijar,2.3010299956639813
berpikir,2.3010299956639813
berpisah,1.2596373105057561
berprasangka,2.3010299956639813
berprestasi,2.0
berpujangga,2.3010299956639813
berpura,2.3010299956639813
berputar,2.0
berputarputar,2.3010299956639813
bersabar,1.8239087409443189
bersabarlah,2.3010299956639813
bersalah,2.3010299956639813
bersama,0.7328282715969862
bersamaku,1.4559319556497243
bersamamu,1.0705810742857074
bersamanya,1.3979400086720377
bersandar,1.8239087409443189
bersandiwara,2.3010299956639813
bersatu,1.6020599913279623
bersayap,2.3010299956639813
bersedia,2.3010299956639813
bersembunyi,2.3010299956639813
bersemi,2.0
bersemuka,2.3010299956639813
bersenang,2.0
bersenanglah,2.3010299956639813
bersenggama,2.3010299956639813
bersepeda,2.3010299956639813
berseri,2.3010299956639813
bersih,2.3010299956639813
bersinar,1.4559319556497243
bersua,2.0
bersuara,2.3010299956639813
bersujud,2.0
bertabrakan,2.3010299956639813
bertaburan,2.3010299956639813
bertahan,1.2596373105057561
bertahta,2.0
bertahun,2.0
bertanya,1.5228787452803376
bertegur,2.3010299956639813
bertekad,2.3010299956639813
bertemu,1.2596373105057561
bertemukah,2.3010299956639813
bertemuu,2.3010299956639813
bertenaga,2.3010299956639813
bertepi,2.3010299956639813
berubah,1.3979400086720377
berujung,2.3010299956639813
berulang,2.0
beruntungnya,2.3010299956639813
berupaya,2.3010299956639813
berusaha,1.8239087409443189
berwarna,2.3010299956639813
berwarnawarni,2.3010299956639813
besar,2.0
besarnya,2.3010299956639813
betapa,1.3010299956639813
bethul,2.3010299956639813
betina,2.3010299956639813
bhaique,2.3010299956639813
bhenar,2.3010299956639813
biar,1.2596373105057561
biarin,2.3010299956639813
biarkan,1.3467874862246563
biarkanku,2.3010299956639813
biarkanlah,1.6989700043360187
biarkanmu,2.3010299956639813
biarku,2.3010299956639813
biarlah,1.4559319556497243
biasa,1.6020599913279623
bibir,2.0
bibirku,2.3010299956639813
bibirmu,2.0
bicara,1.3010299956639813
bicaralah,2.3010299956639813
bidadari,1.6989700043360187
bijaksana,2.3010299956639813
bikin,2.3010299956639813
bila,0.6989700043360189
bilakah,2.3010299956639813
bilang,1.3979400086720377
bimbang,2.0
bimbing,2.3010299956639813
bingkai,2.3010299956639813
bingung,2.3010299956639813
bintang,1.2596373105057561
bintangbintang,1.6989700043360187
biru,1.6989700043360187
bisa,0.5767541260631922
bisaa,2.3010299956639813
bisamenginspirasi,2.3010299956639813
bisanya,2.3010299956639813
bisikkan,2.0
bising,2.3010299956639813
bisu,2.3010299956639813
bisuku,2.3010299956639813
bius,2.3010299956639813
bla,2.3010299956639813
bloom,2.3010299956639813
blow,2.3010299956639813
bodoh,2.0
bohongi,2.0
bola,2.0
boleh,2.3010299956639813
boom,2.3010299956639813
bosan,2.0
break,2.3010299956639813
buai,2.3010299956639813
buaian,2.3010299956639813
bualan,2.3010299956639813
buang,1.6020599913279623
buas,2.3010299956639813
buat,1.3010299956639813
buatku,1.6020599913279623
buatmu,1.8239087409443189
buaya,2.3010299956639813
bukakan,2.3010299956639813
bukakanlah,2.3010299956639813
bukan,0.8860566476931633
bukanlah,1.6989700043360187
bukannya,1.8239087409443189
bukti,2.3010299956639813
buktikan,1.8239087409443189
buku,2.0
bukubuku,2.3010299956639813
bulan,1.4559319556497243
buley,2.3010299956639813
bullet,2.3010299956639813
bullsitsh,2.3010299956639813
bulu,2.3010299956639813
bumi,2.3010299956639813
bunda,2.3010299956639813
bunga,1.6989700043360187
buntu,2.3010299956639813
buruk,2.0
burukmu,2.3010299956639813
burung,2.0
but,1.8239087409443189
buta,2.3010299956639813
butuh,2.3010299956639813
butuhkan,2.3010299956639813
buyarkan,2.3010299956639813
by,2.3010299956639813
bye,2.3010299956639813
caci,2.3010299956639813
cahaya,1.4559319556497243
call,2.3010299956639813
calm,2.3010299956639813
camkan,2.3010299956639813
can,2.3010299956639813
canda,2.3010299956639813
candamu,2.0
candu,2.3010299956639813
cantik,1.6020599913279623
cantikcantiknya,2.3010299956639813
cantikmu,2.0
cantiknya,2.3010299956639813
cara,1.4559319556497243
caracara,2.3010299956639813
caraku,2.3010299956639813
caramu,2.3010299956639813
caranya,2.3010299956639813
cari,1.4559319556497243
carry,2.3010299956639813
cause,2.3010299956639813
cela,2.3010299956639813
celah,2.3010299956639813
celaka,2.3010299956639813
celebrate,2.3010299956639813
celebration,2.3010299956639813
cellphone,2.3010299956639813
cemas,2.3010299956639813
cemburu,2.3010299956639813
cemerlang,2.3010299956639813
cepat,1.6020599913279623
cerah,2.3010299956639813
cerahnya,2.0
cerdas,2.3010299956639813
cerdiknya,2.3010299956639813
ceria,2.3010299956639813
cerita,1.0222763947111522
ceritaku,2.3010299956639813
ceritamu,2.3010299956639813
ceritanya,2.0
cermat,2.3010299956639813
cincin,2.3010299956639813
cinta,0.37675070960209955
cintacinta,2.3010299956639813
cintacintaan,2.3010299956639813
cintai,2.0
cintaimu,2.3010299956639813
cintaku,0.9030899869919435
cintamu,0.978810700930062
cintanya,1.8239087409443189
cintapun,2.3010299956639813
cipta,2.3010299956639813
ciptakan,2.3010299956639813
ciptamu,2.3010299956639813
cita,2.3010299956639813
citacita,2.3010299956639813
cium,2.3010299956639813
ciumlah,2.3010299956639813
closer,2.3010299956639813
coba,1.2218487496163564
cobacoba,2.3010299956639813
cobalah,2.0
cokelatku,2.3010299956639813
coklat,2.3010299956639813
come,1.8239087409443189
coz,2.3010299956639813
crazy,2.3010299956639813
cuba,2.3010299956639813
cukup,1.1870866433571445
culasmu,2.3010299956639813
cuma,2.0
cumbu,2.3010299956639813
curah,2.3010299956639813
curahan,2.3010299956639813
curam,2.3010299956639813
curangiku,2.3010299956639813
curhatku,2.3010299956639813
da,2.3010299956639813
dada,1.5228787452803376
dadi,2.3010299956639813
dadian,2.3010299956639813
dag,2.3010299956639813
dah,1.8239087409443189
dahulu,1.8239087409443189
daku,1.6989700043360187
dalam,0.530177984021837
dalamnya,2.3010299956639813
damai,2.3010299956639813
dambakan,2.3010299956639813
dampingi,2.3010299956639813
dan,0.2596373105057561
dangan,2.3010299956639813
dapat,1.3979400086720377
dapatkah,2.3010299956639813
dapatkan,2.3010299956639813
dara,2.3010299956639813
darah,2.3010299956639813
darahku,2.3010299956639813
darahkuu,2.3010299956639813
darahkuudarahhkuu,2.3010299956639813
darahmu,2.3010299956639813
dari,0.8096683018297085
dariku,1.3979400086720377
darimu,1.5228787452803376
darinya,1.8239087409443189
dasar,2.3010299956639813
datang,0.7825160557860937
datangi,2.3010299956639813
datangnya,2.3010299956639813
daun,2.0
dawn,2.3010299956639813
day,2.3010299956639813
daya,2.3010299956639813
dayaku,1.8239087409443189
dayu,2.3010299956639813
de,2.3010299956639813
dealova,2.3010299956639813
debu,2.3010299956639813
decepticon,2.3010299956639813
deg,2.3010299956639813
dekap,2.3010299956639813
dekat,1.6020599913279623
dekati,2.3010299956639813
dekatku,2.3010299956639813
dekatmu,1.6989700043360187
dekorasi,2.3010299956639813
dem,2.3010299956639813
demi,1.3979400086720377
dengamu,2.3010299956639813
dengan,0.6289321377282637
denganku,1.3979400086720377
denganmu,1.045757490560675
dengannya,1.4559319556497243
dengar,1.8239087409443189
dengarkan,1.8239087409443189
dengarkanlah,2.3010299956639813
dengarlah,1.8239087409443189
dengerin,2.0
denyut,2.3010299956639813
depan,1.8239087409443189
depanku,2.0
depanmu,2.3010299956639813
deras,2.3010299956639813
dering,1.8239087409443189
deringmu,2.3010299956639813
derita,2.3010299956639813
deritanya,2.3010299956639813
deru,2.3010299956639813
desember,2.3010299956639813
detak,2.0
detakkan,2.3010299956639813
detik,2.0
detikdetik,2.3010299956639813
dewa,2.3010299956639813
dewasa,2.3010299956639813
dewe,2.3010299956639813
dewi,2.3010299956639813
di,0.21112488422458325
dia,0.8096683018297085
diajak,2.3010299956639813
dialah,2.3010299956639813
diam,1.6020599913279623
diambang,2.3010299956639813
diamdiam,2.3010299956639813
diamkan,2.3010299956639813
diangkasa,2.3010299956639813
diantara,2.3010299956639813
diatas,2.0
dibalik,1.6020599913279623
dibatas,2.3010299956639813
dibawa,2.3010299956639813
dibawah,2.3010299956639813
dibelai,2.0
diberi,2.3010299956639813
dibodohi,2.3010299956639813
dibuai,2.3010299956639813
dibuatnya,2.0
dibuka,2.3010299956639813
dibulan,2.3010299956639813
dibutuhkan,2.3010299956639813
dicintai,2.3010299956639813
dig,2.3010299956639813
dihari,2.3010299956639813
dihati,2.0
dihatiku,2.3010299956639813
dihatimu,2.3010299956639813
dihempas,2.3010299956639813
dihiasi,2.3010299956639813
dihidupku,2.3010299956639813
dihindari,2.3010299956639813
dijagakke,2.3010299956639813
dijalani,2.3010299956639813
dijatuhkan,2.3010299956639813
dikala,2.3010299956639813
dikau,1.8239087409443189
dikenang,2.0
dikirim,2.3010299956639813
dikit,2.3010299956639813
dilanda,2.3010299956639813
dilangit,2.3010299956639813
dilema,2.3010299956639813
dilewati,2.3010299956639813
dimabuk,2.3010299956639813
dimadu,2.3010299956639813
dimalam,2.0
dimana,1.6020599913279623
dimanapun,2.3010299956639813
dimanja,2.0
dimasa,2.3010299956639813
dimataku,2.3010299956639813
dimatamu,2.3010299956639813
dimengerti,2.3010299956639813
dimiliki,1.8239087409443189
dimusnahkan,2.3010299956639813
dinantinanti,2.3010299956639813
dinda,2.3010299956639813
dinding,2.0
dingin,1.6020599913279623
dinginnya,2.0
dino,2.3010299956639813
dipandang,2.3010299956639813
dipayungi,2.3010299956639813
dipertahankan,2.3010299956639813
dipertemukan,2.3010299956639813
dipikiranmu,2.3010299956639813
dipikirin,2.3010299956639813
direnggut,2.3010299956639813
diri,1.2596373105057561
diriku,0.7958800173440752
dirikuu,2.3010299956639813
dirimu,0.6020599913279624
dirindu,2.3010299956639813
dirinya,1.5228787452803376
dirinyaa,2.3010299956639813
disaat,2.3010299956639813
disana,2.0
disempurnakan,2.3010299956639813
disetiap,2.0
disini,1.3467874862246563
disisiku,2.3010299956639813
disituasi,2.3010299956639813
disni,2.3010299956639813
disudahi,2.3010299956639813
ditaman,2.3010299956639813
ditelan,2.3010299956639813
ditempat,2.3010299956639813
ditengah,2.3010299956639813
diujung,2.0
diungkap,2.0
diungkapkan,2.3010299956639813
do,1.6989700043360187
doa,1.6989700043360187
doakan,2.0
dolanan,2.3010299956639813
dong,2.3010299956639813
donkey,2.3010299956639813
dont,1.8239087409443189
dosa,2.3010299956639813
drum,2.3010299956639813
dtimang,2.3010299956639813
du,2.0
dua,1.3979400086720377
duakan,2.3010299956639813
dududu,2.0
dudududu,2.0
duduk,2.0
dug,2.3010299956639813
duhai,2.0
duka,1.6989700043360187
dulu,0.8696662315049939
duluan,2.3010299956639813
dunia,1.1249387366083
duniaku,2.3010299956639813
duniamu,2.3010299956639813
duri,2.0
dusta,2.3010299956639813
dzat,2.3010299956639813
earning,2.3010299956639813
editor,2.3010299956639813
egoku,2.3010299956639813
egomu,2.3010299956639813
ello,2.3010299956639813
elok,2.3010299956639813
em,2.3010299956639813
emang,2.3010299956639813
ember,2.3010299956639813
embun,2.0
emosi,2.3010299956639813
end,2.3010299956639813
endapkan,2.3010299956639813
energi,2.3010299956639813
energy,2.3010299956639813
engga,2.3010299956639813
enggak,2.3010299956639813
enggan,2.3010299956639813
engkau,0.7569619513137056
engkaulah,2.0
entah,1.4559319556497243
enyah,2.3010299956639813
enyahlah,2.3010299956639813
erat,2.3010299956639813
esok,1.8239087409443189
every,2.0
everyday,2.3010299956639813
everything,2.3010299956639813
ey,2.3010299956639813
eyes,2.3010299956639813
fall,2.3010299956639813
fana,2.3010299956639813
fang,2.3010299956639813
fantasi,2.3010299956639813
favorit,2.3010299956639813
favoritmu,2.0
feat,2.3010299956639813
feel,2.3010299956639813
fight,2.3010299956639813
fikir,2.0
fikirkan,2.3010299956639813
film,2.3010299956639813
fine,2.3010299956639813
firasat,2.3010299956639813
fire,2.3010299956639813
flower,2.3010299956639813
fokus,2.3010299956639813
for,2.0
forever,2.3010299956639813
forget,2.3010299956639813
formationï,2.3010299956639813
foto,2.0
free,2.3010299956639813
friendly,2.3010299956639813
frustrasi,2.3010299956639813
ga,2.3010299956639813
gagal,2.3010299956639813
gairah,2.3010299956639813
gajah,2.3010299956639813
galang,2.3010299956639813
galau,2.0
gambar,2.3010299956639813
gang,2.3010299956639813
ganggu,2.0
gantikanmu,2.3010299956639813
gantung,2.3010299956639813
gantungnya,2.3010299956639813
gapai,1.8239087409443189
garis,2.3010299956639813
gatau,2.3010299956639813
gawe,2.3010299956639813
gejolak,2.0
gelak,2.3010299956639813
gelap,1.6989700043360187
gelapkan,2.3010299956639813
gelapnya,2.3010299956639813
gelisah,1.8239087409443189
gelisahmu,2.3010299956639813
gelombang,2.3010299956639813
geloranya,2.3010299956639813
gemetar,2.3010299956639813
gemlinting,2.3010299956639813
gempa,2.3010299956639813
genangan,2.0
genangkan,2.3010299956639813
genggam,1.5228787452803376
gentar,2.3010299956639813
genting,2.3010299956639813
gentingnya,2.3010299956639813
get,2.3010299956639813
getaran,2.3010299956639813
getaranku,2.3010299956639813
getarkan,2.3010299956639813
gettin,2.3010299956639813
gila,1.8239087409443189
gimana,2.0
gini,2.3010299956639813
girl,2.0
gitar,2.3010299956639813
give,2.0
go,1.8239087409443189
golek,2.3010299956639813
gon,2.3010299956639813
gone,2.3010299956639813
goyang,2.3010299956639813
gue,2.3010299956639813
gugur,2.3010299956639813
gulana,2.3010299956639813
gurauan,2.3010299956639813
haaaaa,2.3010299956639813
habis,1.8239087409443189
habiskan,1.8239087409443189
habisnya,2.3010299956639813
hadapanku,2.3010299956639813
hadapanmu,2.3010299956639813
hadapi,1.8239087409443189
hadir,1.6020599913279623
hadirmu,1.3467874862246563
hadirnya,2.3010299956639813
hah,2.3010299956639813
hai,2.0
hal,1.6020599913279623
halangi,2.0
halus,2.3010299956639813
hamba,2.3010299956639813
hambamu,2.3010299956639813
hampa,2.3010299956639813
hampaku,2.3010299956639813
hampar,2.3010299956639813
hamparan,2.3010299956639813
hampir,2.3010299956639813
hampiri,2.3010299956639813
hancur,1.8239087409443189
hancurkan,2.0
hangat,1.5228787452803376
hangatkan,2.0
hangatnya,2.0
hanya,0.585026652029182
hanyalah,1.3467874862246563
hanyut,2.3010299956639813
hanyutkan,2.3010299956639813
happey,2.3010299956639813
happy,2.3010299956639813
hapus,2.3010299956639813
hapuskan,1.6989700043360187
hapuslah,2.3010299956639813
haq,2.3010299956639813
harap,2.0
harapan,1.1870866433571445
harapanku,2.3010299956639813
harapanmu,2.3010299956639813
harapku,2.3010299956639813
hargai,2.3010299956639813
hari,0.709965388637482
harianmu,2.3010299956639813
harihari,1.8239087409443189
hariharimu,2.0
hariku,1.5228787452803376
harimu,1.5228787452803376
harmoni,2.3010299956639813
harta,2.0
hartaku,2.3010299956639813
haru,2.3010299956639813
harum,2.0
harummu,2.3010299956639813
harus,0.7825160557860937
haruskah,1.6020599913279623
harusnya,1.6989700043360187
hasrat,1.8239087409443189
hasratku,1.8239087409443189
hasratmu,2.3010299956639813
hate,2.3010299956639813
hati,0.4497716469449059
hatihati,2.3010299956639813
hatiku,0.5934598195660448
hatimu,0.8696662315049939
hatinya,2.0
have,2.0
hayal,2.3010299956639813
hayalan,2.3010299956639813
hayat,2.3010299956639813
hebat,2.0
hebatnya,2.3010299956639813
heh,2.3010299956639813
hei,1.8239087409443189
heii,2.3010299956639813
heiye,2.3010299956639813
helai,2.3010299956639813
hembusan,2.0
henti,1.6989700043360187
hentikan,2.3010299956639813
heres,2.3010299956639813
hey,2.0
hiasi,2.3010299956639813
hidayahmu,2.3010299956639813
hidup,0.9030899869919435
hidupkan,2.3010299956639813
hidupku,0.958607314841775
hidupkuu,2.3010299956639813
hidupkuuhidupkuu,2.3010299956639813
hiduplah,2.0
hidupmu,1.4559319556497243
hidupnya,2.3010299956639813
hilang,1.3979400086720377
hilangkah,2.3010299956639813
hilangkan,1.8239087409443189
hilir,2.3010299956639813
himalaya,2.3010299956639813
hina,2.0
hindari,2.3010299956639813
hingga,0.9208187539523752
hinggaku,2.3010299956639813
hiraukan,2.0
hirup,2.0
hitam,1.6020599913279623
hitamkan,2.3010299956639813
hitunghitung,2.3010299956639813
hmm,2.3010299956639813
hmmm,2.0
ho,2.3010299956639813
hoh,2.3010299956639813
hoo,1.6989700043360187
hoohoho,2.3010299956639813
hoohooooo,2.3010299956639813
hooo,1.8239087409443189
hoooo,1.8239087409443189
hooooo,2.3010299956639813
hoooooo,2.0
hoâ€,2.3010299956639813
httpjatengtribunnewscom20181225liriklaguwarbiasyakneonafeatanantavinnielagurapanakzamannowtrendingdiyoutube,2.3010299956639813
hu,2.3010299956639813
hubungan,2.0
huhuhuu,2.3010299956639813
hujan,1.3467874862246563
hulu,2.3010299956639813
human,2.3010299956639813
hurahura,2.3010299956639813
hurricane,2.3010299956639813
huruhara,2.3010299956639813
huu,2.3010299956639813
huuu,2.3010299956639813
huuuhuu,2.3010299956639813
huuuu,2.3010299956639813
huwooo,2.3010299956639813
i,1.4559319556497243
ia,1.8239087409443189
ibadahi,2.3010299956639813
ibanya,2.3010299956639813
ibu,2.3010299956639813
ibumu,2.3010299956639813
if,2.0
ijinkan,2.3010299956639813
ikat,2.3010299956639813
ikhlas,2.3010299956639813
iki,2.3010299956639813
ikut,2.0
ikuti,2.3010299956639813
ilham,2.3010299956639813
ill,2.0
ilusi,2.0
im,2.0
imajinasi,2.3010299956639813
imanulhaq,2.3010299956639813
impian,1.8239087409443189
in,1.6989700043360187
indah,0.8860566476931633
indahkan,2.3010299956639813
indahku,1.8239087409443189
indahmu,2.0
indahnya,1.4559319556497243
indahnyaa,2.3010299956639813
indonesia,2.3010299956639813
ingat,1.6989700043360187
ingatan,2.3010299956639813
ingatanmu,2.0
ingatkah,1.8239087409443189
ingatku,2.3010299956639813
ingatlah,2.0
ingatmu,2.3010299956639813
ingatnya,2.3010299956639813
inget,2.3010299956639813
ingin,0.7328282715969862
inginkan,1.1870866433571445
inginku,2.0
ingkari,1.8239087409443189
ini,0.3053948010664313
inikah,2.0
inilah,2.0
insan,2.0
instagram,2.3010299956639813
inti,2.3010299956639813
is,1.8239087409443189
isi,1.5228787452803376
isih,2.3010299956639813
istanaku,2.3010299956639813
istanamu,2.3010299956639813
isuk,2.3010299956639813
isyaratku,2.3010299956639813
it,2.3010299956639813
its,2.0
itu,0.7569619513137056
itudan,2.3010299956639813
ituitu,2.3010299956639813
itulah,1.8239087409443189
iye,2.3010299956639813
izinkan,1.8239087409443189
izinkanlah,2.3010299956639813
iâ€™ll,2.3010299956639813
iâ€™m,2.3010299956639813
jabat,2.3010299956639813
jadi,0.7958800173440752
jadikan,2.0
jadilah,2.0
jadinya,2.3010299956639813
jaga,2.0
jahat,2.3010299956639813
jakarta,2.0
jalan,1.0969100130080565
jalanan,2.0
jalani,1.2596373105057561
jalankan,2.3010299956639813
jalanku,2.0
jalanmu,1.8239087409443189
jalin,2.3010299956639813
jam,2.0
jaman,2.0
jambu,2.3010299956639813
jan,2.3010299956639813
jangan,0.7695510786217261
jangankan,2.3010299956639813
janganlah,1.6989700043360187
janji,1.3010299956639813
janjijanjinya,2.3010299956639813
janjiku,1.8239087409443189
janjimu,2.3010299956639813
janjine,2.3010299956639813
janjinya,2.3010299956639813
jantung,1.6989700043360187
jantungku,1.5228787452803376
jantungkuu,2.3010299956639813
jantungkuujantungkuu,2.3010299956639813
januari,2.0
jarak,2.0
jarang,2.0
jare,2.3010299956639813
jarene,2.3010299956639813
jari,2.3010299956639813
jarijemari,2.3010299956639813
jariku,2.3010299956639813
jatuh,1.0705810742857074
jauh,1.1549019599857433
jauhi,2.3010299956639813
javu,2.3010299956639813
jawaban,1.8239087409443189
jawablah,2.3010299956639813
jawabnya,2.0
jayakan,2.3010299956639813
jebak,2.3010299956639813
jebule,2.3010299956639813
jejak,2.0
jelas,1.4559319556497243
jelaskan,1.6989700043360187
jelita,2.3010299956639813
jemari,1.8239087409443189
jemput,2.3010299956639813
jemu,2.3010299956639813
jendela,2.3010299956639813
jenuh,2.3010299956639813
jenuhku,2.3010299956639813
jerat,2.3010299956639813
jerit,2.3010299956639813
jeritan,2.3010299956639813
jika,1.0969100130080565
jikalau,2.3010299956639813
jingga,2.3010299956639813
jiwa,1.2596373105057561
jiwajiwa,2.3010299956639813
jiwaku,1.2218487496163564
jiwamu,1.6020599913279623
jjebak,2.3010299956639813
jjini,2.3010299956639813
judul,2.3010299956639813
juga,1.0222763947111522
jujur,1.8239087409443189
jujurkanlah,2.3010299956639813
jumpa,1.6989700043360187
jurang,2.3010299956639813
jurus,2.3010299956639813
just,1.8239087409443189
justru,2.3010299956639813
kabahmu,2.3010299956639813
kabar,1.8239087409443189
kabarin,2.3010299956639813
kabarmu,2.3010299956639813
kabeh,2.3010299956639813
kabut,2.3010299956639813
kadang,1.6989700043360187
kah,2.0
kaki,1.5228787452803376
kakiku,2.0
kakimu,2.3010299956639813
kakuku,2.3010299956639813
kala,1.3010299956639813
kalah,2.0
kalam,2.3010299956639813
kalau,1.6020599913279623
kalbu,2.0
kali,1.2218487496163564
kalian,2.0
kalimat,2.3010299956639813
kalinya,2.3010299956639813
kamar,2.3010299956639813
kami,2.3010299956639813
kamu,0.6675615400843947
kamusku,2.3010299956639813
kan,0.5016894462103995
kanan,2.0
kananmu,2.3010299956639813
kandas,2.3010299956639813
kangen,1.8239087409443189
kangenkangenan,2.3010299956639813
kangenku,2.3010299956639813
kapan,1.5228787452803376
kapankah,2.3010299956639813
karangku,2.3010299956639813
karena,0.8239087409443188
karenamu,2.0
karepmu,2.3010299956639813
karna,1.4559319556497243
karnamu,2.3010299956639813
karo,2.3010299956639813
kartun,2.3010299956639813
karuan,2.3010299956639813
kasih,0.9393021596463883
kasihku,1.3467874862246563
kasihmu,2.0
kata,0.9208187539523752
katakan,1.3467874862246563
katakanlah,2.0
katakata,1.5228787452803376
katamu,1.6989700043360187
katanya,2.0
kau,0.14569395819891937
kaulah,1.1870866433571445
kaupun,2.0
kawan,2.3010299956639813
kawanan,2.3010299956639813
kaya,2.3010299956639813
ke,0.9208187539523752
keadaan,1.8239087409443189
keadaannya,2.3010299956639813
keagungan,2.3010299956639813
kearahmu,2.3010299956639813
keberanian,2.3010299956639813
kebersamaan,2.3010299956639813
kebisuan,2.3010299956639813
kebodohan,2.3010299956639813
kecewa,1.8239087409443189
kecewakan,2.3010299956639813
kecewakanmu,2.3010299956639813
kecil,2.0
kecilmu,2.3010299956639813
kecup,2.3010299956639813
kedamaian,2.3010299956639813
kedinginan,2.3010299956639813
kedua,1.8239087409443189
kegelapan,2.0
kegelisahan,2.3010299956639813
kegemaranmu,2.3010299956639813
kehadiranmu,2.3010299956639813
kehangatan,2.3010299956639813
kehendaknya,2.3010299956639813
kehidupanku,2.0
kehilangan,2.3010299956639813
kehilanganmu,2.0
keikhlasan,2.3010299956639813
keinginan,2.0
keinginanmu,2.0
kejam,2.3010299956639813
kejar,1.8239087409443189
kejarlah,2.3010299956639813
kejora,2.3010299956639813
kejutan,2.3010299956639813
kekal,2.0
kekasih,1.5228787452803376
kekasihku,1.5228787452803376
kekasihmu,1.8239087409443189
kekosongan,2.3010299956639813
kekuatan,2.0
kekuranganku,2.3010299956639813
kekuranganmu,2.3010299956639813
kekurangannya,2.3010299956639813
kelabu,2.3010299956639813
kelabuku,2.3010299956639813
kelak,1.6989700043360187
kelam,2.0
kelasku,2.3010299956639813
kelelahan,2.3010299956639813
kelembutan,2.3010299956639813
keliling,2.3010299956639813
kelingan,2.3010299956639813
keliru,2.3010299956639813
keloroloro,2.3010299956639813
keluarnya,2.3010299956639813
keluhkesah,2.3010299956639813
kemana,1.8239087409443189
kemanapun,2.0
kemarin,2.0
kembali,0.9208187539523752
kembalilah,2.3010299956639813
kembangkan,2.3010299956639813
kemenangan,2.3010299956639813
kemungkinan,2.3010299956639813
kemurungan,2.3010299956639813
kenal,1.8239087409443189
kenali,2.3010299956639813
kenang,2.0
kenangan,1.2596373105057561
kenapa,2.3010299956639813
kencang,2.0
kendaraan,2.3010299956639813
keningku,2.3010299956639813
keno,2.3010299956639813
kenyang,2.3010299956639813
kenyataan,1.6989700043360187
kenyataannya,2.0
kepada,1.8239087409443189
kepadaku,1.4559319556497243
kepadamu,1.6989700043360187
kepakanlah,2.3010299956639813
kepala,2.0
kepalan,2.3010299956639813
kepastian,2.0
kepedihan,2.0
kepikiran,2.3010299956639813
keping,2.3010299956639813
kepingkeping,2.3010299956639813
kepiye,2.3010299956639813
kepoin,2.3010299956639813
keputusan,2.3010299956639813
keraguan,1.8239087409443189
keraguanmu,2.0
kerasnya,2.3010299956639813
keren,2.3010299956639813
keresahan,2.3010299956639813
keresahanmu,2.3010299956639813
kerinduan,2.0
kering,2.3010299956639813
keringat,2.0
keriput,2.3010299956639813
kerja,2.3010299956639813
kerjo,2.3010299956639813
kertas,2.3010299956639813
kertasku,2.3010299956639813
kesalahan,2.3010299956639813
kesalahanku,2.3010299956639813
kesalku,2.3010299956639813
kesan,2.3010299956639813
kesana,2.3010299956639813
kesayangan,2.3010299956639813
kesedihan,1.8239087409443189
kesekian,2.3010299956639813
kesel,2.3010299956639813
kesempatan,1.6020599913279623
kesempatanku,2.3010299956639813
kesemuan,2.3010299956639813
kesendirianku,2.3010299956639813
kesepian,2.3010299956639813
kesetiaan,2.0
kesibukan,2.3010299956639813
kesombongan,2.0
ketiga,2.3010299956639813
ketika,1.3010299956639813
ketuk,2.3010299956639813
keyakinan,2.3010299956639813
khawatiri,2.3010299956639813
khayal,2.3010299956639813
khayalan,1.8239087409443189
khayalkan,2.3010299956639813
khayalku,2.3010299956639813
khianati,2.0
khusus,2.3010299956639813
kian,2.3010299956639813
kicau,2.3010299956639813
kicauan,2.3010299956639813
kids,2.3010299956639813
kinda,2.3010299956639813
kini,0.721246399047171
kiranya,2.3010299956639813
kiri,1.8239087409443189
kirim,2.3010299956639813
kirimkan,2.3010299956639813
kisah,1.2596373105057561
kisahkasih,2.3010299956639813
kisahku,2.0
kisahmu,2.3010299956639813
kita,0.37675070960209955
kitaanak,2.3010299956639813
kitanya,2.3010299956639813
klakson,2.3010299956639813
know,2.0
kobar,2.3010299956639813
komen,2.3010299956639813
komentar,2.3010299956639813
kong,2.3010299956639813
kopaja,2.3010299956639813
kopi,2.3010299956639813
kosong,2.0
kota,2.0
kotak,2.0
kowe,2.3010299956639813
koyo,2.3010299956639813
ku,0.1549019599857432
kuakhiri,2.3010299956639813
kuakui,2.3010299956639813
kualami,2.3010299956639813
kuasa,1.8239087409443189
kuat,2.0
kuatkanlah,2.3010299956639813
kubaca,2.0
kubagi,2.3010299956639813
kubayangkan,2.3010299956639813
kuberdiam,2.3010299956639813
kubergegas,2.3010299956639813
kuberharap,2.3010299956639813
kuberi,1.8239087409443189
kuberikan,1.8239087409443189
kubernyanyi,2.0
kuberpaling,2.3010299956639813
kubersama,2.3010299956639813
kubersedih,2.3010299956639813
kubiarkan,2.0
kubilang,2.0
kubuat,2.0
kubuka,2.0
kucabut,2.3010299956639813
kucari,2.0
kucinta,1.4559319556497243
kucium,2.0
kucoba,1.5228787452803376
kucuba,2.3010299956639813
kucurahkan,2.3010299956639813
kudatang,2.3010299956639813
kudengar,2.3010299956639813
kudu,2.3010299956639813
kududuk,2.3010299956639813
kue,2.3010299956639813
kuhabiskan,2.3010299956639813
kuhapus,2.3010299956639813
kuharap,2.0
kuhargai,2.3010299956639813
kuhela,2.3010299956639813
kuhidup,2.3010299956639813
kuhindari,2.3010299956639813
kuhitung,2.3010299956639813
kuingin,1.3467874862246563
kuinginkan,2.3010299956639813
kuingkari,1.8239087409443189
kujabat,2.3010299956639813
kujadi,2.3010299956639813
kujaga,1.6989700043360187
kujalani,2.3010299956639813
kujamah,2.3010299956639813
kujanjikan,2.3010299956639813
kujatuh,2.3010299956639813
kujelang,2.3010299956639813
kukan,2.3010299956639813
kukatakan,2.0
kukenang,2.3010299956639813
kulabuhkan,2.3010299956639813
kulakukan,2.0
kulalui,2.3010299956639813
kulari,2.3010299956639813
kulepas,2.0
kulepaskan,2.3010299956639813
kulewati,2.3010299956639813
kulewatkan,2.3010299956639813
kulihat,1.6020599913279623
kulit,2.3010299956639813
kulitmu,2.3010299956639813
kulupa,1.6989700043360187
kumaafkan,2.3010299956639813
kumahir,2.3010299956639813
kumarah,2.3010299956639813
kumau,2.0
kumiliki,1.8239087409443189
kunanti,2.0
kunantikan,2.3010299956639813
kunikmati,2.3010299956639813
kunjung,1.6989700043360187
kunyanyikan,2.0
kunyatakan,2.3010299956639813
kupandang,2.3010299956639813
kupanjatkan,2.3010299956639813
kupastikan,2.3010299956639813
kupelajari,2.3010299956639813
kupendam,2.0
kupercaya,1.6989700043360187
kupergi,2.3010299956639813
kuperih,2.3010299956639813
kupersembahkan,2.3010299956639813
kupetik,2.3010299956639813
kupu,2.3010299956639813
kupuja,2.3010299956639813
kupun,2.3010299956639813
kupunya,2.3010299956639813
kurakit,2.3010299956639813
kurang,2.3010299956639813
kurangkai,2.3010299956639813
kurasa,1.6989700043360187
kurasakan,1.6020599913279623
kurela,2.3010299956639813
kurelakan,1.8239087409443189
kurindu,2.3010299956639813
kurung,2.3010299956639813
kusangka,2.0
kusayang,2.0
kusebut,2.0
kusemai,2.3010299956639813
kusendiri,2.3010299956639813
kuserahkan,2.3010299956639813
kusesali,2.0
kusetia,2.3010299956639813
kusinggahi,2.3010299956639813
kutahu,1.4559319556497243
kutakut,2.3010299956639813
kutanya,2.3010299956639813
kutatap,2.3010299956639813
kutegarkan,2.3010299956639813
kutelah,2.3010299956639813
kutelusuri,2.3010299956639813
kutemui,2.3010299956639813
kutemukan,2.3010299956639813
kuterbenam,2.3010299956639813
kutergetar,2.3010299956639813
kuteriak,2.3010299956639813
kuteringat,2.3010299956639813
kuterjebak,2.3010299956639813
kuterluka,2.3010299956639813
kuterus,2.3010299956639813
kutrima,2.3010299956639813
kutuliskan,2.0
kutunggu,2.0
kuu,2.3010299956639813
kuucap,2.3010299956639813
kuucapkan,2.3010299956639813
kuungkapkan,2.3010299956639813
kuyakin,1.8239087409443189
labirin,2.3010299956639813
labirinmu,2.3010299956639813
laganya,2.3010299956639813
lagi,0.5157001606532142
lagu,1.2218487496163564
laguan,2.3010299956639813
lah,1.8239087409443189
lahirmu,2.3010299956639813
lain,1.0
lainnya,2.3010299956639813
laju,2.3010299956639813
lakoni,2.3010299956639813
lalalalalala,2.3010299956639813
lali,2.3010299956639813
lalu,1.1870866433571445
lalui,2.3010299956639813
lalumu,2.3010299956639813
lama,0.8386319977650251
lambat,2.3010299956639813
lambemu,2.3010299956639813
lampaui,2.3010299956639813
lamun,2.3010299956639813
lamunan,2.0
langit,1.3467874862246563
langkah,1.6989700043360187
langkahku,2.0
langkahlangkah,2.3010299956639813
langkahlangkahmu,2.3010299956639813
langkahmu,2.0
langsung,2.3010299956639813
lanjut,2.3010299956639813
lantunan,2.3010299956639813
lapor,2.3010299956639813
lara,2.0
lari,1.8239087409443189
larung,2.3010299956639813
larut,1.8239087409443189
last,2.3010299956639813
laun,2.3010299956639813
laut,1.8239087409443189
lautan,1.8239087409443189
layak,2.3010299956639813
layaknya,2.3010299956639813
layang,2.3010299956639813
layu,1.8239087409443189
lazuardi,2.3010299956639813
learn,2.3010299956639813
leave,2.3010299956639813
lebah,2.3010299956639813
lebahku,2.3010299956639813
lebam,2.3010299956639813
lebih,1.0969100130080565
leda,2.3010299956639813
lede,2.3010299956639813
lekaslah,2.3010299956639813
lelah,2.0
lelap,2.0
lemah,2.0
lembar,1.8239087409443189
lembaran,2.3010299956639813
lembut,1.6020599913279623
lempar,2.3010299956639813
lengannya,2.3010299956639813
lengkap,2.3010299956639813
lengkapi,2.3010299956639813
lentera,2.3010299956639813
lenteramu,2.3010299956639813
lentik,2.3010299956639813
lepas,1.8239087409443189
lepaskan,1.6989700043360187
lesung,2.3010299956639813
let,1.6989700043360187
letih,2.0
lets,2.0
lewat,2.3010299956639813
lewati,2.0
lewatlah,2.3010299956639813
liang,2.3010299956639813
liat,2.3010299956639813
lidahku,2.3010299956639813
lidahmu,2.3010299956639813
lihat,1.6020599913279623
likaliku,2.3010299956639813
like,2.0
liked,2.3010299956639813
liku,2.3010299956639813
lindungi,2.3010299956639813
lirih,2.3010299956639813
lirik,2.3010299956639813
lit,2.3010299956639813
liyo,2.3010299956639813
lo,2.3010299956639813
logika,2.0
loro,2.3010299956639813
love,1.5228787452803376
luangkan,2.3010299956639813
luar,1.8239087409443189
lubuk,2.3010299956639813
lucu,1.8239087409443189
lucunya,2.3010299956639813
ludahi,2.3010299956639813
lugumu,2.3010299956639813
lugunya,2.3010299956639813
luka,1.6020599913279623
lukai,2.3010299956639813
lukaluka,2.3010299956639813
lukamu,2.0
lukisan,2.3010299956639813
luluh,2.0
lumpuhkan,2.3010299956639813
lumrah,2.3010299956639813
lunyu,2.3010299956639813
lupa,1.3010299956639813
lupain,2.3010299956639813
lupakan,1.3010299956639813
lupakanku,2.3010299956639813
lupakanlah,1.6989700043360187
lupakanmu,2.3010299956639813
lupakannya,2.3010299956639813
lusa,2.3010299956639813
maaf,2.0
maafkan,1.3979400086720377
maafkanlah,2.0
madu,2.0
magazine,2.3010299956639813
maha,2.3010299956639813
mahligai,2.3010299956639813
main,2.3010299956639813
mainan,2.3010299956639813
mainkan,2.3010299956639813
mainmain,2.3010299956639813
maju,2.3010299956639813
mak,2.3010299956639813
makan,2.3010299956639813
make,2.3010299956639813
makes,2.3010299956639813
makhluk,2.3010299956639813
maki,2.3010299956639813
makin,2.3010299956639813
makna,2.3010299956639813
maksudku,2.0
maksudmu,2.0
malah,2.0
malahan,2.3010299956639813
malaka,2.3010299956639813
malam,0.9030899869919435
malamku,1.8239087409443189
malammu,2.0
malangnya,2.3010299956639813
malu,1.4559319556497243
mampu,1.045757490560675
man,2.3010299956639813
mana,1.3010299956639813
manakah,2.3010299956639813
manamana,2.3010299956639813
manapun,2.3010299956639813
manis,1.4559319556497243
manismu,2.3010299956639813
manja,2.3010299956639813
manusia,1.2596373105057561
manusiamanusia,2.3010299956639813
marah,2.0
marion,2.3010299956639813
martin,2.3010299956639813
masa,1.0
masalah,1.5228787452803376
masamasa,2.0
masi,2.3010299956639813
masih,0.8696662315049939
masihkah,1.8239087409443189
masuk,2.3010299956639813
mata,0.9030899869919435
matahari,1.4559319556497243
matahariku,2.3010299956639813
mataku,1.2218487496163564
matamu,1.2218487496163564
materi,2.3010299956639813
mati,1.6020599913279623
matiku,2.3010299956639813
matlamat,2.3010299956639813
matter,2.3010299956639813
mau,0.9208187539523752
maukah,1.8239087409443189
mauku,2.3010299956639813
maumu,2.3010299956639813
maunya,2.0
mawar,2.3010299956639813
maya,2.3010299956639813
mbok,2.3010299956639813
mda,2.3010299956639813
me,1.5228787452803376
media,2.0
meja,2.3010299956639813
melagu,2.3010299956639813
melahirkan,2.3010299956639813
melaju,2.0
melakukan,2.3010299956639813
melambungkan,2.3010299956639813
melanda,2.0
melangkah,1.3979400086720377
melarikan,2.3010299956639813
melawan,2.0
melayang,1.4559319556497243
melayanglayang,2.3010299956639813
melebur,2.3010299956639813
meledak,2.3010299956639813
melemahkanmu,2.3010299956639813
melepas,1.8239087409443189
melepaskan,2.0
melepasku,2.3010299956639813
melepasmu,2.0
melewati,1.8239087409443189
melewatinya,2.3010299956639813
melewatkanmu,2.0
melihat,1.1249387366083
melihatku,2.0
melihatmu,1.4559319556497243
melihatmumendengarmu,2.3010299956639813
melintas,2.3010299956639813
melintasi,2.3010299956639813
melodi,2.0
melompat,2.3010299956639813
melukai,2.0
melukaimu,2.3010299956639813
melukis,2.0
melukiskan,2.3010299956639813
meluncur,2.3010299956639813
melunturkan,2.3010299956639813
melupakan,1.6989700043360187
melupakanmu,1.6020599913279623
memaafkanku,2.3010299956639813
memadu,2.3010299956639813
memahami,1.8239087409443189
memahamiku,2.3010299956639813
memahat,2.3010299956639813
memaknai,2.3010299956639813
memaksa,2.0
memancarkan,2.3010299956639813
memandang,2.0
memandangi,2.3010299956639813
memandangimu,2.3010299956639813
memandangmu,2.3010299956639813
memang,1.0222763947111522
memangggilku,2.3010299956639813
memanggil,1.8239087409443189
memanggilku,2.3010299956639813
memanglah,2.3010299956639813
memasuki,2.3010299956639813
membaca,2.3010299956639813
membakar,2.3010299956639813
membalas,1.8239087409443189
membangunkanku,2.3010299956639813
membantu,2.3010299956639813
membara,2.0
membasahi,2.0
membasuh,2.0
membawa,1.3010299956639813
membawaku,2.0
membawamu,2.3010299956639813
membayangkan,1.8239087409443189
membeku,2.3010299956639813
membelenggu,2.3010299956639813
membenci,2.0
memberi,1.5228787452803376
memberikan,2.3010299956639813
memberikanku,2.3010299956639813
memberiku,2.3010299956639813
membingungkan,2.3010299956639813
membiru,2.0
membisu,1.6020599913279623
membuang,2.0
membuat,1.1870866433571445
membuatku,1.2596373105057561
membuatmu,1.5228787452803376
membuka,1.8239087409443189
membuktikan,2.0
membungkuk,2.3010299956639813
membunuhku,2.3010299956639813
membutuhkanmu,2.0
memecah,2.0
memejamkan,2.3010299956639813
memeluk,2.0
memelukku,2.0
memelukmu,2.3010299956639813
memenangkan,2.3010299956639813
memendam,2.0
memerah,2.3010299956639813
memikat,2.3010299956639813
memikirkan,2.3010299956639813
memikirkanmu,2.3010299956639813
memilih,2.0
memiliki,2.3010299956639813
memilikimu,1.6020599913279623
memilikinya,2.3010299956639813
meminta,1.6989700043360187
memisahkan,2.3010299956639813
memohon,2.0
memori,2.0
memperbaiki,2.3010299956639813
mempesona,2.3010299956639813
memudar,2.3010299956639813
memujamu,1.6989700043360187
memulai,2.0
memulihkan,2.3010299956639813
memungkiriku,2.3010299956639813
memutuskan,2.3010299956639813
menahan,1.4559319556497243
menaklukan,2.3010299956639813
menaklukkan,2.0
menambah,1.8239087409443189
menambahkan,2.3010299956639813
menampik,2.3010299956639813
menang,2.0
menangis,1.6020599913279623
menanti,1.4559319556497243
menantikan,2.3010299956639813
menantimu,1.8239087409443189
menari,1.4559319556497243
menarik,2.0
menarilah,2.3010299956639813
menata,2.3010299956639813
menatap,1.5228787452803376
menatapmu,2.3010299956639813
mencapai,2.0
mencari,1.2596373105057561
mencaricari,2.3010299956639813
mencarimu,2.3010299956639813
mencinta,2.0
mencintai,2.0
mencintaiku,1.6020599913279623
mencintaimu,1.5228787452803376
mencintainya,2.3010299956639813
mencintamu,2.3010299956639813
mencla,2.3010299956639813
mencle,2.3010299956639813
mencoba,1.1870866433571445
mencuat,2.3010299956639813
mendalam,2.3010299956639813
mendamba,2.3010299956639813
mendampingi,2.3010299956639813
mendayu,2.3010299956639813
mendekat,2.3010299956639813
mendengar,1.4559319556497243
mendengarmu,2.3010299956639813
mendewasakan,2.0
mending,2.3010299956639813
mendua,1.8239087409443189
menduakan,1.8239087409443189
menduga,2.3010299956639813
mendulang,2.3010299956639813
mendung,2.3010299956639813
menebak,2.3010299956639813
menebus,2.3010299956639813
menebusmu,2.3010299956639813
meneleponku,2.3010299956639813
meneleponmu,2.3010299956639813
menemani,1.8239087409443189
menemanimu,2.3010299956639813
menempati,2.3010299956639813
menemui,2.3010299956639813
menemukanmu,2.3010299956639813
menentramkan,2.3010299956639813
menentu,1.8239087409443189
menepikanmu,2.3010299956639813
menerangi,2.3010299956639813
menerima,2.0
menertawakan,2.3010299956639813
menetaplah,2.3010299956639813
menetes,2.3010299956639813
meneteskan,2.3010299956639813
mengabaikan,2.3010299956639813
mengadu,2.3010299956639813
mengagumi,2.0
mengajak,2.3010299956639813
mengajarkanku,2.3010299956639813
mengalah,1.8239087409443189
mengalir,2.0
mengalirkan,2.3010299956639813
mengalun,2.3010299956639813
mengangkat,2.3010299956639813
mengapa,1.1870866433571445
mengasihimu,2.3010299956639813
mengasyikkan,2.3010299956639813
mengatakan,2.3010299956639813
mengatur,2.0
mengawali,2.3010299956639813
mengejar,1.6989700043360187
mengelakku,2.3010299956639813
mengeluh,2.3010299956639813
mengenal,1.6989700043360187
mengenang,2.0
mengepul,2.3010299956639813
mengerti,1.045757490560675
mengertikah,2.3010299956639813
mengetukku,2.0
mengganggu,1.6989700043360187
mengganti,2.0
menggantung,2.3010299956639813
menggantungkan,2.3010299956639813
menggapai,1.6989700043360187
menggapaimu,2.3010299956639813
menggariskan,2.3010299956639813
menggebugebu,2.3010299956639813
menggema,2.3010299956639813
menggenggam,2.0
menggerutu,2.3010299956639813
menggila,2.3010299956639813
menggoda,2.3010299956639813
menggunung,2.3010299956639813
menghadang,2.3010299956639813
menghadangku,2.3010299956639813
menghadap,2.3010299956639813
menghadapi,2.3010299956639813
menghakimi,2.3010299956639813
menghampiri,1.8239087409443189
menghampirimu,2.0
menghantui,2.3010299956639813
menghanyutkanku,2.3010299956639813
menghapus,2.0
menghapuskan,2.3010299956639813
mengharapkan,2.3010299956639813
menghargai,2.0
menghempas,2.0
menghentikan,2.3010299956639813
menghiasi,2.3010299956639813
menghibur,2.3010299956639813
menghilang,1.3467874862246563
menghindar,2.3010299956639813
menghindariku,2.3010299956639813
menghindarimu,2.3010299956639813
menghujam,2.3010299956639813
mengikat,2.0
mengikatmu,2.3010299956639813
mengilhami,2.3010299956639813
mengingat,2.3010299956639813
mengingatkanku,2.0
menginginkan,2.3010299956639813
menginspirasi,2.3010299956639813
menginzinkan,2.3010299956639813
mengisi,1.8239087409443189
mengizinkan,2.3010299956639813
mengizinkanku,2.3010299956639813
mengkhianati,2.3010299956639813
mengobati,2.3010299956639813
mengobatimu,2.3010299956639813
menguap,2.3010299956639813
menguasai,2.3010299956639813
menguatkan,2.3010299956639813
mengubah,2.3010299956639813
mengucap,2.3010299956639813
mengulang,1.8239087409443189
mengulur,2.3010299956639813
mengunci,2.3010299956639813
mengungkapkan,2.3010299956639813
mengusaikan,2.3010299956639813
mengusirku,2.3010299956639813
menikah,2.0
menikahlah,2.3010299956639813
menikmati,2.3010299956639813
meningalkan,2.3010299956639813
meninggalkan,1.6989700043360187
meninggalkanku,2.0
meninggalkanmu,2.0
meninggalkannya,2.3010299956639813
menjadi,0.9030899869919435
menjadikan,2.3010299956639813
menjaga,1.8239087409443189
menjagamu,1.6989700043360187
menjalani,1.6989700043360187
menjalin,2.3010299956639813
menjatuhkan,2.3010299956639813
menjauh,1.6989700043360187
menjawab,2.0
menjawabnya,2.3010299956639813
menjelang,2.0
menjelaskan,2.3010299956639813
menjelma,2.0
menjemput,2.3010299956639813
menjemputmu,2.3010299956639813
menolakku,2.3010299956639813
menonton,2.3010299956639813
mensiakan,2.3010299956639813
mentari,1.2218487496163564
menua,2.3010299956639813
menuai,2.0
menuang,2.3010299956639813
menuduhku,2.3010299956639813
menuju,1.3979400086720377
menumpang,2.3010299956639813
menunda,2.3010299956639813
menunggu,1.0222763947111522
menungguku,2.3010299956639813
menunggumu,1.6020599913279623
menunjukkan,2.0
menuntunku,2.3010299956639813
menurut,2.3010299956639813
menusuk,2.0
menusuki,2.3010299956639813
menutup,1.8239087409443189
menyadari,2.3010299956639813
menyakiti,2.0
menyakitiku,2.3010299956639813
menyakitkan,2.3010299956639813
menyalahkan,2.3010299956639813
menyambut,1.8239087409443189
menyambutmu,2.3010299956639813
menyapa,1.4559319556497243
menyatakan,2.3010299956639813
menyatu,1.8239087409443189
menyayangi,1.8239087409443189
menyayangimu,1.5228787452803376
menyayangmu,2.3010299956639813
menyebalkan,2.3010299956639813
menyedari,2.3010299956639813
menyejukkan,2.3010299956639813
menyelapnya,2.3010299956639813
menyenangkan,2.3010299956639813
menyentuh,2.3010299956639813
menyentuhmu,2.3010299956639813
menyerah,1.6020599913279623
menyesal,2.3010299956639813
menyiksa,2.0
menyiksaku,2.3010299956639813
menyimpan,2.0
menyinarimu,2.3010299956639813
menyingkirkan,2.3010299956639813
menyisakan,2.3010299956639813
menyulitkan,2.3010299956639813
menyusahkan,2.3010299956639813
menyusuri,2.0
meradang,2.0
merah,2.0
meraih,2.3010299956639813
meraja,2.3010299956639813
merajut,2.3010299956639813
merana,2.3010299956639813
merangkai,1.8239087409443189
merantai,2.3010299956639813
merapuh,2.3010299956639813
merasa,1.0969100130080565
merasai,2.3010299956639813
merasakan,1.6989700043360187
merasakannya,2.0
merasuk,2.3010299956639813
merasuki,2.3010299956639813
merayu,2.0
merayumu,2.3010299956639813
merdu,2.3010299956639813
merebut,2.0
merebutmu,2.3010299956639813
meredam,2.0
mereka,1.5228787452803376
merelakan,2.3010299956639813
merelakanmu,2.3010299956639813
merengkuh,2.3010299956639813
merenung,2.3010299956639813
meretas,2.3010299956639813
meributkan,2.3010299956639813
merinding,2.3010299956639813
merindu,1.6020599913279623
merindukan,1.8239087409443189
merindukanmu,1.6989700043360187
merindumu,2.3010299956639813
merindunya,2.3010299956639813
merobek,2.3010299956639813
merubah,2.0
meruntuhkan,2.0
meski,1.0705810742857074
meskipun,1.6020599913279623
mestinya,1.8239087409443189
mewarnai,2.0
mewujudkan,2.3010299956639813
meyakinkan,2.0
meyakinkanmu,2.0
meyanjung,2.3010299956639813
miliaran,2.3010299956639813
milik,1.6020599913279623
miliki,1.5228787452803376
milikimu,2.3010299956639813
milikku,1.3979400086720377
milikmu,1.6020599913279623
miliknya,2.3010299956639813
mimpi,1.0
mimpiaaaa,2.3010299956639813
mimpiku,1.2596373105057561
mimpimimpi,1.8239087409443189
mimpimimpiku,2.3010299956639813
mimpimu,2.3010299956639813
mind,2.0
mine,2.0
minggu,1.6989700043360187
minta,1.8239087409443189
misalkan,2.3010299956639813
mistake,2.3010299956639813
misteri,2.3010299956639813
misterimu,2.3010299956639813
mmmhh,2.3010299956639813
mmmmhh,2.3010299956639813
model,2.3010299956639813
moga,2.3010299956639813
mohon,1.6020599913279623
mom,2.3010299956639813
momenmomen,2.3010299956639813
monas,2.3010299956639813
monokrom,2.3010299956639813
more,2.0
motor,2.3010299956639813
mountain,2.3010299956639813
mu,1.3010299956639813
muda,2.3010299956639813
mudah,1.4559319556497243
mudahnya,2.3010299956639813
mudar,2.3010299956639813
muka,2.3010299956639813
mulai,1.3979400086720377
mulus,2.3010299956639813
mulutku,2.3010299956639813
mulutmu,2.3010299956639813
muncul,2.3010299956639813
mungkin,0.6882461389442457
mungkinkah,1.5228787452803376
murni,2.3010299956639813
murung,2.3010299956639813
musik,2.3010299956639813
musim,2.0
musnahkan,2.3010299956639813
mutusin,2.3010299956639813
my,1.8239087409443189
na,1.8239087409443189
nada,1.8239087409443189
nadanada,2.3010299956639813
nadi,2.3010299956639813
nadiku,2.3010299956639813
nafas,2.0
nafasku,2.0
naif,2.3010299956639813
naiki,2.3010299956639813
nak,2.3010299956639813
nakal,2.0
naluri,2.3010299956639813
nama,2.0
namamu,1.5228787452803376
nampak,2.3010299956639813
namun,0.8239087409443188
nana,2.3010299956639813
nananaananananana,2.3010299956639813
nananana,2.3010299956639813
nananananananana,2.3010299956639813
nanging,2.3010299956639813
nanti,1.2596373105057561
nantikan,2.0
napasku,2.3010299956639813
nari,2.3010299956639813
narii,2.3010299956639813
nasibku,2.0
nation,2.3010299956639813
nduwe,2.3010299956639813
need,2.3010299956639813
neeiiiiiâ€¦,2.3010299956639813
negara,2.3010299956639813
negatif,2.3010299956639813
neiiiiiiiâ€¦,2.3010299956639813
neona,2.3010299956639813
neruga,2.3010299956639813
nestapa,2.3010299956639813
new,2.3010299956639813
ngajak,2.3010299956639813
ngalun,2.3010299956639813
nganti,2.3010299956639813
ngebacot,2.3010299956639813
ngechat,2.3010299956639813
ngelarani,2.3010299956639813
ngemis,2.3010299956639813
ngerti,2.3010299956639813
ngga,2.3010299956639813
nggak,2.3010299956639813
nggo,2.3010299956639813
nggowo,2.3010299956639813
ngobrol,2.3010299956639813
nian,2.3010299956639813
niannya,2.3010299956639813
niat,2.0
niatku,2.3010299956639813
nihil,2.3010299956639813
nikmati,1.6989700043360187
nilai,2.3010299956639813
nirwana,1.8239087409443189
no,1.8239087409443189
nostalgia,2.0
not,2.3010299956639813
now,2.0
nresnani,2.3010299956639813
nuansa,2.3010299956639813
nuansanuansa,2.3010299956639813
nulis,2.3010299956639813
number,2.3010299956639813
nunda,2.3010299956639813
nurani,2.3010299956639813
nya,2.3010299956639813
nyala,2.3010299956639813
nyalakan,2.3010299956639813
nyali,2.0
nyaman,2.3010299956639813
nyanyian,2.0
nyanyikan,2.3010299956639813
nyap,2.3010299956639813
nyaris,2.3010299956639813
nyata,1.3979400086720377
nyatakan,2.0
nyatane,2.3010299956639813
nyatanya,1.8239087409443189
nyawa,2.3010299956639813
nyawaku,2.0
nyesel,2.3010299956639813
nyeselkan,2.3010299956639813
nyiur,2.3010299956639813
o,2.3010299956639813
obatnya,2.3010299956639813
obiwan,2.3010299956639813
obrolan,2.3010299956639813
of,2.0
oh,0.6989700043360189
ohhh,2.3010299956639813
ohhww,2.3010299956639813
ohooo,2.3010299956639813
ok,2.3010299956639813
olahraga,2.3010299956639813
oleh,1.6989700043360187
olehmu,2.3010299956639813
olokan,2.3010299956639813
omagah,2.3010299956639813
omah,2.3010299956639813
ombak,2.3010299956639813
omong,2.3010299956639813
omonganmu,2.3010299956639813
on,1.6989700043360187
once,2.3010299956639813
one,2.0
only,2.0
ono,2.3010299956639813
oo,2.3010299956639813
ooh,1.3979400086720377
oohh,2.3010299956639813
ooo,1.5228787452803376
oooh,2.3010299956639813
ooohoo,2.3010299956639813
oooo,2.0
ooooh,1.8239087409443189
ooooo,2.3010299956639813
oooooh,1.8239087409443189
oooooooh,2.0
oooâ€¦ooo,2.3010299956639813
oow,2.3010299956639813
ooyeaa,2.3010299956639813
opo,2.3010299956639813
optimis,2.3010299956639813
ora,2.3010299956639813
orang,1.3467874862246563
orangnya,2.3010299956639813
otak,2.3010299956639813
oxygen,2.3010299956639813
pabila,2.3010299956639813
pacar,2.0
pacaran,2.3010299956639813
pada,1.0705810742857074
padahal,1.6989700043360187
padaku,1.4559319556497243
padamkan,2.3010299956639813
padamu,1.045757490560675
padamuu,2.3010299956639813
padanya,2.0
padu,2.3010299956639813
pagi,1.1549019599857433
pagimu,2.0
pahami,2.3010299956639813
pahit,2.3010299956639813
pak,2.3010299956639813
pakaian,2.3010299956639813
palembang,2.3010299956639813
paling,1.6020599913279623
palsu,2.3010299956639813
palung,2.0
pamite,2.3010299956639813
panah,2.0
panas,2.3010299956639813
pancaran,2.3010299956639813
pancarkan,2.3010299956639813
pancen,2.3010299956639813
pandainya,2.3010299956639813
pandangan,2.0
pandanganmu,2.3010299956639813
pandangi,2.3010299956639813
pangeran,2.3010299956639813
panggil,2.3010299956639813
panggilan,2.3010299956639813
panggilku,2.3010299956639813
pangkuanmu,2.3010299956639813
panjang,2.0
panjangkan,2.3010299956639813
panjangku,2.3010299956639813
pantai,2.3010299956639813
pantaskah,2.3010299956639813
paparararap,2.3010299956639813
para,2.3010299956639813
parapa,2.3010299956639813
parara,2.3010299956639813
parararara,2.3010299956639813
pararari,2.3010299956639813
parararipap,2.3010299956639813
paras,2.3010299956639813
parasmu,1.8239087409443189
pasanganku,2.3010299956639813
past,2.3010299956639813
pasti,1.1549019599857433
pastikan,1.6989700043360187
patah,1.8239087409443189
patahkan,2.3010299956639813
pecahkan,2.3010299956639813
peduli,1.8239087409443189
pegang,2.3010299956639813
pekatnya,2.3010299956639813
pelajari,2.3010299956639813
pelampiasan,2.3010299956639813
pelan,2.3010299956639813
pelangi,1.6989700043360187
pelangimu,2.3010299956639813
pelariannya,2.3010299956639813
pelik,2.3010299956639813
pelindungmu,2.3010299956639813
pelipur,2.3010299956639813
pelita,2.3010299956639813
peluangku,2.3010299956639813
peluk,1.6020599913279623
pelukan,2.0
pelukanmu,2.0
pelukkanku,2.3010299956639813
pelukku,2.3010299956639813
peluklah,2.3010299956639813
pelukmu,1.8239087409443189
pelupa,2.3010299956639813
peluru,2.3010299956639813
pembuka,2.3010299956639813
pemenang,2.3010299956639813
pemeran,2.3010299956639813
pemilik,2.0
penantian,2.0
pencipta,2.3010299956639813
pencuri,2.3010299956639813
pendam,1.8239087409443189
pendampingmu,2.3010299956639813
pendekatan,2.3010299956639813
penentu,2.3010299956639813
pengakuan,2.3010299956639813
pengantiku,2.3010299956639813
pengen,2.0
pengertian,2.3010299956639813
penggantiku,2.3010299956639813
penggoda,2.3010299956639813
penghujung,2.3010299956639813
penjagamu,2.3010299956639813
penjara,2.3010299956639813
penting,1.6989700043360187
penuh,1.4559319556497243
penuhiku,2.3010299956639813
penulis,2.3010299956639813
penyejuk,2.3010299956639813
perahu,2.3010299956639813
peran,2.3010299956639813
perangkat,2.3010299956639813
perasaan,1.5228787452803376
perasaanku,2.0
percaya,1.0705810742857074
percayakan,2.3010299956639813
percayalah,1.4559319556497243
percikkan,2.3010299956639813
percintaan,2.3010299956639813
percuma,2.0
perduli,2.0
perempuan,2.3010299956639813
pergi,0.6777807052660807
pergilah,1.8239087409443189
perih,1.3467874862246563
perjalananku,2.3010299956639813
perjuangan,2.0
perkenalan,2.3010299956639813
perlahan,1.6020599913279623
perlakukanlah,2.3010299956639813
perliatkan,2.3010299956639813
perlu,1.3010299956639813
perlulah,2.3010299956639813
permainkan,2.3010299956639813
permintaanku,2.3010299956639813
pernah,0.585026652029182
pernaha,2.3010299956639813
perpisahan,2.3010299956639813
persahabatan,2.3010299956639813
persembahkan,1.6020599913279623
persetan,2.3010299956639813
personality,2.3010299956639813
perspektif,2.3010299956639813
pertahankan,2.3010299956639813
pertalian,2.3010299956639813
pertama,1.3467874862246563
pertanda,2.0
pertanyaan,2.3010299956639813
pertemuan,2.3010299956639813
pertemuanku,2.3010299956639813
pertunjukan,2.0
perubahanku,2.3010299956639813
pesan,1.8239087409443189
pesanmu,2.3010299956639813
pesona,1.8239087409443189
pesonamu,2.0
pesta,2.0
petuah,2.3010299956639813
petuahmu,2.3010299956639813
pikat,2.3010299956639813
pikir,1.6989700043360187
pikiranmu,2.0
pikirkan,2.0
pikirkanmu,2.3010299956639813
pikirkupun,2.3010299956639813
pikirlah,2.3010299956639813
pikirmu,2.3010299956639813
pilih,1.8239087409443189
pilihan,2.0
pilihanku,2.3010299956639813
pilihkan,2.3010299956639813
pilihlah,2.3010299956639813
pilu,1.6989700043360187
pinta,2.0
pintu,1.6989700043360187
pipi,2.3010299956639813
pipimu,2.0
pisahkan,2.3010299956639813
pisan,2.3010299956639813
piye,2.3010299956639813
please,2.3010299956639813
podo,2.3010299956639813
polisi,2.3010299956639813
positive,2.3010299956639813
potretmu,2.3010299956639813
prahara,2.3010299956639813
prestasi,2.3010299956639813
pribadimu,2.3010299956639813
promise,2.3010299956639813
protect,2.3010299956639813
pucuk,2.3010299956639813
puisi,1.6989700043360187
pujangga,2.3010299956639813
puji,2.3010299956639813
pula,2.3010299956639813
pulang,1.3979400086720377
puluh,2.3010299956639813
pun,0.8860566476931633
puncak,1.8239087409443189
pundak,2.3010299956639813
pundakmu,2.3010299956639813
punya,1.2218487496163564
pura,2.3010299956639813
pure,2.3010299956639813
purnama,2.3010299956639813
pusing,2.3010299956639813
pusingkan,2.3010299956639813
puter,2.3010299956639813
putih,1.6020599913279623
putihku,2.0
putihnya,2.3010299956639813
putus,2.3010299956639813
putusin,2.3010299956639813
putuskan,2.0
putuskanlah,2.3010299956639813
r,2.3010299956639813
ra,2.3010299956639813
rabun,2.3010299956639813
radarku,2.3010299956639813
raga,2.3010299956639813
ragu,1.1870866433571445
rahasia,1.6989700043360187
rahasiaku,2.3010299956639813
rahayu,2.3010299956639813
rahmatmu,2.3010299956639813
raih,2.3010299956639813
raihlah,2.3010299956639813
rain,2.3010299956639813
raja,1.8239087409443189
rajamu,2.3010299956639813
rak,2.3010299956639813
ramai,2.3010299956639813
rambut,2.3010299956639813
rambutmu,1.8239087409443189
rangkum,2.3010299956639813
rantai,2.3010299956639813
rap,2.3010299956639813
rapat,2.3010299956639813
rapuh,2.0
rasa,0.638272163982407
rasakan,1.6989700043360187
rasaku,1.6989700043360187
rasamu,2.3010299956639813
rasanya,1.6989700043360187
rasi,2.0
ratu,1.8239087409443189
ratumu,2.3010299956639813
ratusan,2.3010299956639813
raut,2.0
rayu,2.0
rayuan,2.3010299956639813
rayuanmu,2.3010299956639813
real,2.3010299956639813
realita,2.3010299956639813
really,2.3010299956639813
rebah,2.3010299956639813
rebut,2.3010299956639813
reda,1.6989700043360187
redam,2.3010299956639813
redamku,2.3010299956639813
reff,1.6989700043360187
reguk,2.3010299956639813
rela,1.5228787452803376
relakan,2.3010299956639813
relakanmu,2.3010299956639813
religi,2.3010299956639813
relungku,2.3010299956639813
relungrelung,2.3010299956639813
remaja,2.3010299956639813
rembulan,2.3010299956639813
remuk,2.3010299956639813
rencana,2.0
rentan,2.3010299956639813
renungkan,2.3010299956639813
rep,2.3010299956639813
representation,2.3010299956639813
resah,1.6989700043360187
resto,2.3010299956639813
ribuan,2.0
right,2.0
rindu,0.958607314841775
rindukan,2.0
rinduku,1.8239087409443189
rindumu,1.8239087409443189
rindunya,2.3010299956639813
ringan,2.3010299956639813
rintangan,2.3010299956639813
rintihan,2.3010299956639813
rintik,2.3010299956639813
risalah,2.3010299956639813
riwayatku,2.3010299956639813
robek,2.3010299956639813
roda,2.3010299956639813
romaku,2.3010299956639813
romantis,2.3010299956639813
ruang,1.4559319556497243
rugi,2.3010299956639813
rumah,1.6989700043360187
rumpang,2.3010299956639813
runtuhkan,2.3010299956639813
rupamu,2.3010299956639813
rupawan,2.3010299956639813
rusak,2.0
s,2.3010299956639813
saat,0.6020599913279624
saatnya,1.6989700043360187
saatsaat,1.8239087409443189
sabar,1.6989700043360187
saben,2.3010299956639813
sadar,1.8239087409443189
sadari,1.3979400086720377
sadarkah,2.3010299956639813
sadarkan,2.0
sadarku,2.3010299956639813
sadis,2.3010299956639813
sahabat,1.6989700043360187
sahabatku,1.8239087409443189
sahabatmu,2.3010299956639813
said,2.3010299956639813
saiki,2.3010299956639813
saja,0.7825160557860937
sajak,2.3010299956639813
sajalah,2.3010299956639813
sak,2.3010299956639813
sakit,1.6989700043360187
sakiti,2.0
sakitimu,2.3010299956639813
sakitnya,1.6989700043360187
saksi,2.3010299956639813
saksinya,2.0
salah,1.6989700043360187
salahkah,2.0
salahkan,2.3010299956639813
salahku,1.5228787452803376
salahmu,1.6020599913279623
salamku,2.3010299956639813
saling,1.3467874862246563
sama,1.4559319556497243
samalah,2.3010299956639813
sambil,2.3010299956639813
sambut,2.3010299956639813
sambutmu,2.3010299956639813
sampah,2.3010299956639813
sampai,0.978810700930062
sampaikan,1.8239087409443189
sampingku,2.3010299956639813
samudra,2.0
sana,1.4559319556497243
sandiwarakah,2.3010299956639813
sang,1.3467874862246563
sangat,1.6989700043360187
sanggup,1.3467874862246563
sanggupkah,2.3010299956639813
sangka,1.6989700043360187
sanubari,2.3010299956639813
sanubarimu,2.3010299956639813
sapa,1.8239087409443189
sapanya,2.3010299956639813
saranku,2.3010299956639813
satu,0.9030899869919435
satukan,2.3010299956639813
satupun,2.3010299956639813
sayang,0.8386319977650251
sayangimu,2.3010299956639813
sayangku,1.4559319556497243
sayangmu,2.3010299956639813
sayapku,2.3010299956639813
sayapmu,2.3010299956639813
seakan,1.5228787452803376
seakanakan,2.3010299956639813
sealam,2.3010299956639813
searah,2.3010299956639813
sebab,2.0
sebagai,2.3010299956639813
sebaik,2.3010299956639813
sebelas,2.3010299956639813
sebelum,1.3979400086720377
sebelumnya,1.6989700043360187
sebenarnya,1.8239087409443189
sebentar,2.0
sebentuk,2.3010299956639813
seberapa,2.3010299956639813
sebodoh,2.3010299956639813
sebuah,1.5228787452803376
sebut,2.3010299956639813
secangkir,2.0
secepat,2.3010299956639813
secerah,2.3010299956639813
sedalam,1.6989700043360187
sedang,1.6020599913279623
sederetan,2.3010299956639813
sederhana,1.8239087409443189
sederhanakan,2.3010299956639813
sedetik,1.6020599913279623
sedia,2.3010299956639813
sedih,1.4559319556497243
sedihku,2.3010299956639813
sedihmu,1.6989700043360187
sedikit,1.6020599913279623
sedikitnya,2.3010299956639813
sedikitpun,2.3010299956639813
seduhan,2.3010299956639813
see,2.0
segala,1.2218487496163564
segalanya,1.6020599913279623
segenap,1.6989700043360187
segera,1.8239087409443189
sehabis,2.3010299956639813
seharihari,2.3010299956639813
seharusnya,2.3010299956639813
sehidup,2.0
seindah,1.6989700043360187
seirama,2.3010299956639813
seiring,1.8239087409443189
seiya,2.3010299956639813
sejak,1.6989700043360187
sejalan,2.3010299956639813
sejarah,2.3010299956639813
sejarahmu,2.3010299956639813
sejati,1.5228787452803376
sejatiku,2.3010299956639813
sejenak,1.3979400086720377
sejiwa,2.3010299956639813
sejujurnya,2.3010299956639813
sejuta,1.5228787452803376
sekali,1.3979400086720377
sekalipun,2.0
sekarang,1.5228787452803376
sekata,2.3010299956639813
sekedar,1.6020599913279623
sekejap,1.8239087409443189
sekeras,2.3010299956639813
sekian,1.6020599913279623
sekilas,2.3010299956639813
sekililingku,2.3010299956639813
sekuat,2.0
selagi,2.3010299956639813
selain,1.8239087409443189
selalu,0.5228787452803376
selama,1.1870866433571445
selamalamanya,2.0
selamanya,0.958607314841775
selamanyacoba,2.3010299956639813
selamanya…,2.3010299956639813
selamat,1.5228787452803376
selami,2.0
selang,2.3010299956639813
selasela,2.3010299956639813
selatan,2.3010299956639813
selembut,2.3010299956639813
selimut,2.3010299956639813
selimuti,2.3010299956639813
selingkuh,2.3010299956639813
seluruh,1.6989700043360187
semaikan,2.3010299956639813
semakin,1.1870866433571445
semalam,1.8239087409443189
semampunya,2.3010299956639813
semangat,2.3010299956639813
semangatmu,2.3010299956639813
semangatz,2.3010299956639813
semanis,2.3010299956639813
semati,2.0
sembuhkan,2.3010299956639813
sembunyi,2.3010299956639813
sementara,1.8239087409443189
semesta,1.8239087409443189
seminggu,2.3010299956639813
semoga,1.3979400086720377
sempat,1.8239087409443189
sempurna,1.4559319556497243
semu,2.0
semua,0.44369749923271273
semuaa,2.3010299956639813
semuanya,1.6020599913279623
semudah,2.3010299956639813
semut,2.3010299956639813
senandung,2.3010299956639813
senang,2.0
senangkah,2.3010299956639813
senantiasa,2.3010299956639813
sendir,2.3010299956639813
sendiri,1.0
sendirian,2.3010299956639813
sendirinya,2.3010299956639813
sendirisendiri,2.3010299956639813
sendu,1.8239087409443189
seneng,2.3010299956639813
sengaja,2.3010299956639813
senja,1.6020599913279623
sentiasa,2.3010299956639813
sentuh,1.6020599913279623
sentuhan,2.3010299956639813
senyawa,2.3010299956639813
senyum,1.6989700043360187
senyuman,1.3979400086720377
senyumanmu,2.3010299956639813
senyumku,2.0
senyummu,1.3010299956639813
seolah,1.6989700043360187
seorang,1.5228787452803376
sepanas,2.3010299956639813
sepanjang,1.6989700043360187
separuh,1.8239087409443189
sepasang,1.8239087409443189
sepatah,2.3010299956639813
sepatu,2.3010299956639813
sepenuh,1.6989700043360187
sepenuhnya,2.3010299956639813
seperti,0.978810700930062
sepi,1.2596373105057561
sepinya,2.3010299956639813
sepisepi,2.3010299956639813
sepulang,2.3010299956639813
sepuluh,2.3010299956639813
serahkan,2.0
seram,2.3010299956639813
serap,2.3010299956639813
seraya,2.3010299956639813
seribu,2.0
sering,2.0
seringkali,2.3010299956639813
serius,2.3010299956639813
serpihan,2.0
serta,2.3010299956639813
sesaat,2.0
sesakit,2.3010299956639813
sesal,1.6989700043360187
sesali,2.0
sesalkuu,2.3010299956639813
seseorang,2.0
sesuatu,1.8239087409443189
sesungguhnya,2.0
set,2.3010299956639813
seteguh,2.3010299956639813
setelah,1.6020599913279623
setengah,2.3010299956639813
setengahku,2.3010299956639813
seterang,2.3010299956639813
setia,1.2596373105057561
setiap,1.0969100130080565
setidaknya,2.3010299956639813
setinggi,2.3010299956639813
setitik,2.3010299956639813
setuju,2.3010299956639813
seumur,2.3010299956639813
seutas,2.3010299956639813
seutuh,2.3010299956639813
seutuhnya,2.0
sewarna,2.3010299956639813
sewindu,2.3010299956639813
sgala,2.3010299956639813
she,2.3010299956639813
shes,2.3010299956639813
ship,2.3010299956639813
shoot,2.3010299956639813
show,2.3010299956639813
showed,2.3010299956639813
si,2.3010299956639813
sia,2.3010299956639813
sialkulah,2.3010299956639813
siang,2.0
siangmu,2.3010299956639813
siap,1.8239087409443189
siapa,1.6989700043360187
siapapun,2.3010299956639813
siapkah,2.3010299956639813
siapkan,2.0
siasat,2.3010299956639813
siasia,2.0
siasiakan,2.3010299956639813
sifat,2.0
sifatku,2.3010299956639813
sih,2.3010299956639813
sikapmu,1.8239087409443189
siksamu,2.3010299956639813
silahkan,2.3010299956639813
silam,2.0
silih,2.3010299956639813
simpan,1.6020599913279623
sinar,1.8239087409443189
sinarilah,2.3010299956639813
sinarmu,2.3010299956639813
sing,2.3010299956639813
singgah,1.8239087409443189
singkat,2.3010299956639813
single,2.3010299956639813
sini,0.8860566476931633
sipakan,2.3010299956639813
sirna,1.8239087409443189
sisa,1.8239087409443189
sisasisa,2.3010299956639813
sisi,2.0
sisiku,2.3010299956639813
sisimu,2.3010299956639813
situ,2.3010299956639813
slalu,1.2596373105057561
slama,2.0
slamanya,1.8239087409443189
smakin,2.3010299956639813
smua,2.3010299956639813
so,1.6020599913279623
sobo,2.3010299956639813
sok,2.3010299956639813
solidaritas,2.3010299956639813
someone,2.3010299956639813
sore,1.6989700043360187
soreku,2.3010299956639813
sosial,2.3010299956639813
soulmate,2.3010299956639813
sportivitas,2.3010299956639813
spread,2.3010299956639813
start,2.3010299956639813
stay,2.3010299956639813
still,2.3010299956639813
strong,2.3010299956639813
suara,1.3979400086720377
suaramu,2.0
suasana,1.8239087409443189
suatu,1.3010299956639813
suci,1.5228787452803376
sudah,0.7569619513137056
sudahlah,2.3010299956639813
sudahsudah,2.3010299956639813
sudikah,1.8239087409443189
sudut,1.6989700043360187
sujud,2.3010299956639813
suka,1.3010299956639813
sukar,2.3010299956639813
sukmamu,2.3010299956639813
sulit,1.6020599913279623
summertime,2.3010299956639813
sumpah,1.8239087409443189
sungguh,1.0705810742857074
sungguhsungguh,2.3010299956639813
sunyi,2.0
sunyinya,2.3010299956639813
surat,2.3010299956639813
suratmu,2.3010299956639813
surga,1.8239087409443189
surya,2.3010299956639813
susah,1.6989700043360187
syahdu,2.0
syantik,2.3010299956639813
syantiksyantik,2.3010299956639813
syaraf,2.3010299956639813
syu,2.3010299956639813
syukur,2.3010299956639813
syurga,2.3010299956639813
t,2.3010299956639813
taburan,2.3010299956639813
tadi,2.3010299956639813
tahan,1.6989700043360187
tahu,0.6882461389442457
tahukah,2.0
tahun,1.6989700043360187
tahunku,2.3010299956639813
tajam,2.3010299956639813
tak,0.11350927482751813
taka,2.3010299956639813
takde,2.3010299956639813
takdir,1.6989700043360187
takdirnya,2.3010299956639813
take,2.3010299956639813
takkan,0.6989700043360189
takkanlah,2.3010299956639813
taklukkan,2.3010299956639813
takut,1.4559319556497243
tambatan,2.3010299956639813
tamengku,2.3010299956639813
tampak,2.0
tampang,2.3010299956639813
tampanku,2.3010299956639813
tampung,2.3010299956639813
tanahku,2.3010299956639813
tanam,2.3010299956639813
tancapkan,2.3010299956639813
tanda,2.0
tangan,1.6020599913279623
tanganku,1.6989700043360187
tanganmu,1.8239087409443189
tangannya,2.3010299956639813
tangga,2.3010299956639813
tanggal,2.3010299956639813
tangguh,2.3010299956639813
tangis,1.6989700043360187
tangisan,2.3010299956639813
tangisanku,2.3010299956639813
tangisi,2.3010299956639813
tangismu,2.3010299956639813
tangkap,2.3010299956639813
tanpa,0.8239087409443188
tanpaku,2.3010299956639813
tanpamu,1.6020599913279623
tantangan,2.3010299956639813
tanya,1.8239087409443189
tanyakan,2.0
tapi,0.709965388637482
target,2.3010299956639813
tarian,2.3010299956639813
tarik,2.3010299956639813
tatap,1.8239087409443189
tatapan,2.3010299956639813
tatapanmu,2.3010299956639813
tatkala,2.3010299956639813
tau,1.2218487496163564
taubatku,2.3010299956639813
tawa,1.8239087409443189
tawamu,2.3010299956639813
tawanya,2.3010299956639813
tayang,2.3010299956639813
teduh,2.3010299956639813
teduhnya,2.3010299956639813
tega,1.6020599913279623
tegak,2.3010299956639813
teganya,2.3010299956639813
tegar,2.3010299956639813
teguklah,2.3010299956639813
tegurmu,2.3010299956639813
teh,2.3010299956639813
telah,0.7825160557860937
telahanmu,2.3010299956639813
telfon,2.3010299956639813
telfonku,2.3010299956639813
telinga,2.0
telingamu,2.3010299956639813
telponku,2.3010299956639813
telurusuri,2.3010299956639813
teman,1.3467874862246563
temani,1.8239087409443189
temanku,2.3010299956639813
tempat,1.6989700043360187
tempatku,2.3010299956639813
tempatmu,2.3010299956639813
tempuhi,2.3010299956639813
temui,2.0
temukan,1.3467874862246563
tenaga,2.0
tenanan,2.3010299956639813
tenang,1.3467874862246563
tenggelam,1.8239087409443189
tentang,1.1249387366083
tentangku,2.3010299956639813
tentangmu,1.8239087409443189
tenteramnya,2.3010299956639813
tentu,2.3010299956639813
tentukan,2.3010299956639813
tepat,2.3010299956639813
tepian,2.3010299956639813
tepukan,2.3010299956639813
ter,2.3010299956639813
terakhir,1.3979400086720377
teramat,2.3010299956639813
terang,1.6989700043360187
terangi,2.3010299956639813
terangkum,2.3010299956639813
terapung,2.3010299956639813
teras,2.3010299956639813
terasa,1.3979400086720377
terbagi,1.8239087409443189
terbaik,1.4559319556497243
terbaikku,2.3010299956639813
terbang,1.6989700043360187
terbanglah,2.3010299956639813
terbawa,1.6989700043360187
terbayang,1.8239087409443189
terbayangkan,2.0
terbayar,2.3010299956639813
terbelah,2.3010299956639813
terbelenggu,2.3010299956639813
terbiasa,2.0
terbit,2.3010299956639813
terbuai,2.0
terbuang,2.0
terburuk,2.3010299956639813
tercapai,2.0
tercekat,2.3010299956639813
tercinta,2.3010299956639813
tercipta,1.8239087409443189
tercuri,2.3010299956639813
terdalam,2.3010299956639813
terdengar,2.3010299956639813
terdiam,1.8239087409443189
teregantikan,2.3010299956639813
terenak,2.3010299956639813
terfikir,2.3010299956639813
tergambarkan,2.3010299956639813
terganti,2.0
tergantikan,2.3010299956639813
tergoda,2.0
tergoyang,2.3010299956639813
terhanyut,2.3010299956639813
terhebat,1.8239087409443189
terhempas,2.3010299956639813
terhenti,2.0
terhitung,2.3010299956639813
terikat,1.6989700043360187
terima,1.2596373105057561
terimalah,2.0
terindah,1.8239087409443189
teringat,1.6989700043360187
teristimewa,2.3010299956639813
terjadi,1.1870866433571445
terjalin,2.3010299956639813
terjatuh,2.0
terjitu,2.3010299956639813
terkadang,1.8239087409443189
terkena,2.3010299956639813
terkendali,2.3010299956639813
terkubur,2.0
terlahir,2.3010299956639813
terlalu,1.3467874862246563
terlambat,1.4559319556497243
terlanjur,2.3010299956639813
terlena,2.3010299956639813
terlewati,2.3010299956639813
terlewatkan,2.3010299956639813
terlihat,2.3010299956639813
terlintas,2.3010299956639813
terluka,1.2596373105057561
terlukis,2.0
terlupakan,2.3010299956639813
ternoda,2.3010299956639813
ternyata,1.3979400086720377
terobati,2.3010299956639813
terpa,2.3010299956639813
terpaku,2.0
terpanahmu,2.3010299956639813
terpejam,2.3010299956639813
terpendam,2.3010299956639813
terpesona,1.6989700043360187
terpisah,2.3010299956639813
tersadar,1.6989700043360187
tersalurkan,2.3010299956639813
tersampaikan,2.3010299956639813
tersayang,2.3010299956639813
tersentuh,2.3010299956639813
tersenyum,1.5228787452803376
terserah,2.3010299956639813
tersesat,2.3010299956639813
tersesatkan,2.3010299956639813
tersesatku,2.3010299956639813
tersiksa,2.3010299956639813
tersimpan,1.8239087409443189
tersipu,1.8239087409443189
tersirat,1.8239087409443189
tersisa,1.6989700043360187
tersisa…,2.3010299956639813
tersulut,2.3010299956639813
tertahan,1.8239087409443189
tertancap,2.3010299956639813
tertawa,2.3010299956639813
tertinggi,2.3010299956639813
tertuang,2.3010299956639813
tertuju,2.3010299956639813
tertutup,2.3010299956639813
terualang,2.3010299956639813
terucap,2.0
terukir,2.3010299956639813
terukirkan,2.3010299956639813
terulang,2.0
terungkap,2.0
terurai,2.0
terus,0.9208187539523752
teruskan,2.3010299956639813
teruslah,1.8239087409443189
terwujud,2.3010299956639813
tetap,1.0
tetapi,2.3010299956639813
tetapkan,2.0
tetaplah,2.3010299956639813
tetes,2.0
tetesan,2.3010299956639813
teteskan,2.3010299956639813
that,1.8239087409443189
thats,2.3010299956639813
the,1.5228787452803376
them,2.3010299956639813
these,2.3010299956639813
they,2.3010299956639813
think,2.3010299956639813
this,2.3010299956639813
though,2.3010299956639813
tiada,0.9393021596463883
tiadakah,2.3010299956639813
tiap,1.6989700043360187
tiba,1.3979400086720377
tibatiba,2.0
tidak,1.3979400086720377
tidur,1.8239087409443189
tidurku,2.0
tidurmu,2.3010299956639813
till,2.3010299956639813
timbul,2.3010299956639813
time,1.6989700043360187
timur,2.3010299956639813
tinggal,1.6020599913279623
tinggalkan,1.3467874862246563
tinggalkanku,2.0
tinggalkanlah,2.3010299956639813
tinggalkanmu,2.3010299956639813
tinggallah,2.3010299956639813
tinggi,1.6989700043360187
titik,1.8239087409443189
tlah,1.0705810742857074
to,1.3979400086720377
tokoh,2.3010299956639813
tolong,1.8239087409443189
tolongin,2.3010299956639813
tolonglah,1.8239087409443189
tompo,2.3010299956639813
top,2.3010299956639813
topik,2.3010299956639813
transform,2.3010299956639813
trauma,2.3010299956639813
treat,2.3010299956639813
trending,2.3010299956639813
tresnoku,2.3010299956639813
tribunjatengcom,2.3010299956639813
trus,1.6020599913279623
trying,2.3010299956639813
tua,1.8239087409443189
tuan,2.3010299956639813
tubuh,2.0
tubuhku,2.3010299956639813
tubuhmu,1.8239087409443189
tugasnya,2.3010299956639813
tugu,2.3010299956639813
tuhan,1.1249387366083
tuhanku,2.3010299956639813
tujuan,2.0
tujuanku,2.3010299956639813
tujuannya,2.3010299956639813
tujuh,2.0
tuk,0.6989700043360189
tulang,2.0
tulis,2.0
tuliskan,2.0
tulus,1.6989700043360187
tulusku,2.3010299956639813
tulusnya,2.3010299956639813
tumbuh,2.0
tumpahkan,2.3010299956639813
tunda,2.3010299956639813
tunggu,1.5228787452803376
tunjukan,2.0
tunjukkan,2.0
tuntun,2.3010299956639813
turun,1.8239087409443189
tutup,2.3010299956639813
tutur,2.0
two,2.3010299956639813
u,1.8239087409443189
ubah,2.3010299956639813
ucap,2.0
ucapan,2.3010299956639813
ucapkan,1.8239087409443189
udah,1.8239087409443189
udara,2.0
ufuk,2.3010299956639813
uh,2.3010299956639813
uhuuuu,2.3010299956639813
ujian,2.3010299956639813
ujung,1.6989700043360187
ulang,2.0
ulangi,2.3010299956639813
ulur,2.3010299956639813
umurku,2.3010299956639813
ungkapan,2.3010299956639813
ungkapkan,2.3010299956639813
unik,2.3010299956639813
untaian,2.3010299956639813
untitled,2.3010299956639813
untuk,0.4881166390211256
untukku,1.045757490560675
untukmu,0.978810700930062
untukmuu,2.3010299956639813
untuknya,2.0
up,1.6989700043360187
upaya,2.3010299956639813
upayaku,2.3010299956639813
upo,2.3010299956639813
ure,2.3010299956639813
urungkan,2.3010299956639813
us,2.3010299956639813
usah,1.8239087409443189
usahaku,2.3010299956639813
usai,1.8239087409443189
usang,2.3010299956639813
usia,2.0
usir,2.3010299956639813
utamanya,2.3010299956639813
utarakan,2.3010299956639813
utuhkanlah,2.3010299956639813
uuu,2.3010299956639813
uuuh,2.3010299956639813
uuuu,2.3010299956639813
uuuuh,2.3010299956639813
uuuuuuuu,2.3010299956639813
uuuuuuuuu,2.3010299956639813
uuyeah,2.3010299956639813
uwooooo,2.3010299956639813
via,2.3010299956639813
vinnie,2.3010299956639813
wae,2.3010299956639813
wagelatseh,2.3010299956639813
wahai,1.8239087409443189
wajah,1.6989700043360187
wajahmu,1.6989700043360187
wajahnya,2.0
wajar,2.0
waktu,0.5086383061657272
waktuku,1.6989700043360187
waktumu,2.3010299956639813
waktunya,1.6989700043360187
walau,0.9030899869919435
walaupun,1.5228787452803376
wan,2.0
wangi,2.3010299956639813
wangimu,2.3010299956639813
wanginya,2.3010299956639813
wanita,2.0
want,2.3010299956639813
warbiasyak,2.3010299956639813
warna,1.6020599913279623
warnai,2.0
warnawarna,2.3010299956639813
warnawarni,2.0
we,2.3010299956639813
wedokan,2.3010299956639813
were,2.3010299956639813
wes,2.3010299956639813
whats,2.3010299956639813
when,2.3010299956639813
who,2.3010299956639813
whos,2.3010299956639813
wild,2.3010299956639813
wis,2.3010299956639813
with,2.0
wont,2.3010299956639813
woo,2.0
wooo,2.0
wooow,2.3010299956639813
wooowo,2.3010299956639813
would,2.3010299956639813
wouwo,2.3010299956639813
wrong,2.3010299956639813
wujud,2.3010299956639813
wuuu,2.3010299956639813
ya,1.6020599913279623
yaa,2.3010299956639813
yakin,1.6020599913279623
yakini,2.3010299956639813
yakinkan,2.3010299956639813
yakinkanmu,2.0
yang,0.09420411963213145
yaw,2.3010299956639813
yeah,1.3979400086720377
yeahh,2.3010299956639813
yeeeeeea,2.3010299956639813
yeiyehe,2.3010299956639813
yes,2.0
yg,1.8239087409443189
yo,2.0
you,1.3979400086720377
your,1.6989700043360187
youre,2.0
youtube,2.3010299956639813
zaman,2.3010299956639813
»,2.3010299956639813
¿,2.3010299956639813
‘,1.6020599913279623
’,2.0
”,2.3010299956639813
